time,California,Oregon,Colorado,Montana,Washington,Utah,Wyoming,Idaho,New Mexico,Nevada,Arizona,South Dakota
2013-01-01,13.2,8.4,4.4,5.3,17.15,5.1,6.1,8.399999999999999,3.0,3.7,3.9,1.65
2013-01-08,13.32,8.7,4.5,5.7,18.450000000000003,5.15,6.300000000000001,8.7,3.2,3.8,3.7,2.3499999999999996
2013-01-15,13.77,9.5,4.9,6.3,19.9,5.6,6.75,10.0,3.1,4.6,3.9,2.6
2013-01-22,12.895,9.4,4.9,6.4,19.95,5.75,6.8,10.149999999999999,3.3,4.7,3.9,3.0999999999999996
2013-01-29,13.295,11.5,6.4,6.6,20.8,6.65,7.4,11.15,4.1,6.0,3.9,3.2
2013-02-05,13.25,11.9,6.9,7.9,22.6,7.4,7.85,11.55,4.5,6.8,3.4,3.9
2013-02-12,13.5,12.6,7.4,7.9,23.25,7.95,8.0,12.3,4.7,7.5,3.8,4.35
2013-02-19,13.59,12.5,8.0,8.6,23.6,8.149999999999999,8.5,12.85,4.7,7.5,3.6,5.1
2013-02-26,14.0,14.8,8.5,9.0,26.4,9.05,8.9,13.6,6.1,8.2,4.3,5.3
2013-03-05,14.16,14.6,9.5,9.4,27.200000000000003,9.8,9.3,14.05,6.1,8.5,3.5,5.6
2013-03-12,15.48,15.2,10.3,9.8,27.35,10.350000000000001,9.6,14.65,7.4,9.0,4.5,5.800000000000001
2013-03-19,13.8,13.8,10.6,10.1,27.75,9.899999999999999,10.0,14.45,5.6,8.5,0.4,5.9
2013-03-26,13.5,13.8,11.0,10.5,30.2,10.5,10.8,15.7,5.0,8.4,0.0,6.6
2013-04-02,11.620000000000001,11.5,10.9,9.7,28.5,9.4,10.850000000000001,14.600000000000001,2.8,8.6,0.0,6.35
2013-04-09,9.2,9.5,10.4,10.3,28.15,8.4,11.25,14.1,0.0,8.2,0.0,4.3
2013-04-16,5.835,7.2,12.2,10.9,29.35,9.1,12.3,14.0,0.0,6.4,0.0,5.5
2013-04-23,3.165,4.1,13.7,10.8,28.75,9.1,13.6,13.55,0.0,5.1,0.0,6.300000000000001
2013-04-30,0.22,0.0,10.9,9.2,26.299999999999997,4.35,12.2,9.6,0.0,0.0,0.0,4.300000000000001
2013-05-07,0.375,0.0,9.8,6.9,22.3,0.4,11.649999999999999,5.949999999999999,0.0,0.0,0.0,0.9
2013-05-14,0.0,0.0,7.2,0.0,14.8,0.0,5.85,0.0,0.0,0.0,0.0,0.0
2013-05-21,0.0,0.0,1.8,0.0,10.0,0.0,1.9500000000000002,0.0,0.0,0.0,0.0,0.0
2013-05-28,0.0,0.0,0.0,0.0,6.5,0.0,0.0,0.0,0.0,0.0,0.0,0.0
2013-06-04,0.0,0.0,0.0,0.0,0.0,0.0,0.0,0.0,0.0,0.0,0.0,0.0
2013-06-11,0.0,0.0,0.0,0.0,0.0,0.0,0.0,0.0,0.0,0.0,0.0,0.0
2013-06-18,0.0,0.0,0.0,0.0,0.0,0.0,0.0,0.0,0.0,0.0,0.0,0.0
2013-06-25,0.0,0.0,0.0,0.0,0.0,0.0,0.0,0.0,0.0,0.0,0.0,0.0
2013-12-03,0.7,0.6,4.3,4.3,3.1,2.3,5.0,3.7,2.25,1.1,0.9,2.75
2013-12-10,1.975,1.25,5.4,4.6,3.1,3.45,5.2,3.95,2.5,1.95,2.3,3.4
2013-12-17,2.1,1.25,5.5,4.9,3.3,3.55,5.35,4.2,2.8,2.05,2.5,3.6
2013-12-24,2.18,1.75,6.0,5.8,4.2,4.45,5.95,5.35,3.0,2.75,2.8,3.95
2013-12-31,2.16,1.7000000000000002,6.2,6.0,4.4,4.5,6.2,5.5,3.0,2.6,2.8,4.5
2014-01-07,2.13,1.6,6.6,6.9,4.4,4.6,6.75,5.6,3.05,2.6,2.7,4.85
2014-01-14,2.22,3.0,7.6,8.2,9.3,5.25,7.8,7.8,3.0,3.3,2.2,5.75
2014-01-21,2.18,3.0,7.7,8.3,9.0,5.15,7.75,7.8,2.95,3.3,1.5,6.1
2014-01-28,2.18,2.8499999999999996,7.8,8.6,9.1,5.1,8.05,7.8,2.75,3.3,1.3,6.25
2014-02-04,3.1900000000000004,3.4,10.2,9.8,10.7,6.3,9.05,9.350000000000001,2.6500000000000004,4.5,1.2,6.4
2014-02-11,5.75,5.1,11.8,10.3,12.4,8.25,10.850000000000001,11.149999999999999,2.8499999999999996,6.7,0.5,7.0
2014-02-18,5.5,6.2,12.3,11.3,17.7,8.350000000000001,12.8,13.65,2.3,7.2,0.0,7.5
2014-02-25,5.3,7.1,12.8,12.9,22.2,8.35,14.4,15.55,1.4,7.4,0.0,7.8
2014-03-04,8.45,7.3,14.4,14.4,23.9,9.3,15.6,17.1,2.2,9.1,0.0,8.1
2014-03-11,8.59,5.9,15.0,16.0,24.3,10.2,16.4,17.6,2.45,9.6,0.0,8.2
2014-03-18,7.48,5.3,15.5,16.7,25.3,10.35,17.5,17.799999999999997,2.0999999999999996,9.35,0.0,9.0
2014-03-25,5.9,4.5,16.0,17.0,25.6,9.850000000000001,17.7,17.9,0.35,8.75,0.0,8.95
2014-04-01,8.33,5.4,16.9,17.9,26.7,10.7,19.1,19.1,0.0,9.7,0.0,9.15
2014-04-08,8.52,4.9,17.9,18.2,26.8,11.2,19.4,19.5,0.44999999999999996,9.899999999999999,0.0,9.55
2014-04-15,4.385,1.3,16.5,17.9,24.3,9.25,19.299999999999997,17.3,0.0,5.9,0.0,7.8
2014-04-22,1.0499999999999998,0.1,15.3,17.1,22.9,5.0,18.05,14.3,0.0,0.5,0.0,4.949999999999999
2014-04-29,1.68,0.0,13.5,16.9,24.4,3.8,17.4,15.5,0.0,1.2000000000000002,0.0,2.5999999999999996
2014-05-06,0.24,0.0,10.1,14.1,19.3,0.0,15.149999999999999,12.3,0.0,0.0,0.0,0.2
2014-05-13,0.12,0.0,10.4,13.8,16.0,1.25,15.8,9.399999999999999,0.0,0.0,0.0,0.0
2014-05-20,0.1,0.0,6.0,9.6,8.7,0.0,12.5,4.300000000000001,0.0,0.0,0.0,0.0
2014-05-27,0.0,0.0,0.9,0.0,0.0,0.0,5.15,0.0,0.0,0.0,0.0,0.0
2014-06-03,0.0,0.0,0.0,0.0,0.0,0.0,0.0,0.0,0.0,0.0,0.0,0.0
2014-06-10,0.0,0.0,0.0,0.0,0.0,0.0,0.0,0.0,0.0,0.0,0.0,0.0
2014-06-17,0.0,0.0,0.0,0.0,0.0,0.0,0.0,0.0,0.0,0.0,0.0,0.0
2014-06-24,0.0,0.0,0.0,0.0,0.0,0.0,0.0,0.0,0.0,0.0,0.0,0.0
2014-12-02,0.775,1.0,3.2,3.4,1.6,2.0,3.9,3.7,1.2,1.1,0.0,1.9
2014-12-09,1.2,0.5,3.3,3.7,1.95,2.2,3.9,4.3,1.4,1.3,0.0,1.9
2014-12-16,2.6399999999999997,0.5,3.8,4.0,1.55,2.8,4.5,4.449999999999999,1.7,2.0,0.2,1.8
2014-12-23,3.6,0.9,5.35,5.2,3.3,4.45,5.5,6.55,2.2,3.4,0.5,2.9000000000000004
2014-12-30,4.0,3.0,6.2,6.3,4.75,5.5,6.3,7.7,2.45,4.3,0.6,3.2
2015-01-06,4.4,3.1,6.6,7.8,5.449999999999999,5.65,7.2,9.3,2.95,4.5,1.6,4.050000000000001
2015-01-13,4.0600000000000005,3.3,6.7,7.9,5.35,6.25,7.5,9.350000000000001,3.3,5.2,1.5,4.199999999999999
2015-01-20,3.955,3.4,7.1,8.3,6.75,6.4,7.8,10.45,3.3,5.2,1.8,4.35
2015-01-27,3.5,2.9,7.2,8.5,6.15,6.4,8.4,10.3,3.75,5.2,2.0,4.9
2015-02-03,3.44,1.9,7.85,8.7,6.4,6.85,8.6,10.65,4.949999999999999,5.3,0.3,4.7
2015-02-10,4.55,0.0,8.0,9.2,5.35,6.8,9.5,11.0,4.6,5.9,0.0,4.9
2015-02-17,4.34,0.0,8.55,9.2,4.65,6.75,9.5,10.850000000000001,4.8,5.7,0.0,5.05
2015-02-24,3.4,0.0,9.8,9.7,4.6,7.05,9.8,11.0,5.75,5.7,1.0,5.2
2015-03-03,3.88,0.7,11.65,10.0,4.75,8.649999999999999,10.3,11.2,7.65,6.6,2.7,5.9
2015-03-10,3.755,0.0,11.9,10.0,4.45,8.95,10.6,11.15,8.1,6.5,1.2,5.5
2015-03-17,0.9,0.0,11.7,9.2,3.95,8.3,10.3,10.6,7.35,4.2,0.0,3.9000000000000004
2015-03-24,0.5,0.3,11.1,9.2,2.95,6.800000000000001,10.4,9.75,6.85,1.3,0.0,2.1
2015-03-31,0.0,0.0,10.75,8.5,0.7,4.7,9.9,9.0,3.4,0.0,0.0,0.65
2015-04-07,0.24,0.1,10.2,8.9,1.5,2.8,9.8,8.55,0.0,0.0,0.0,0.0
2015-04-14,0.1,0.0,9.0,8.1,1.7,0.9,10.4,8.0,0.0,0.0,0.0,0.0
2015-04-21,0.0,0.0,10.1,7.3,0.0,0.6,9.8,6.85,0.0,0.0,0.0,0.0
2015-04-28,0.11,0.0,10.25,5.3,0.0,0.05,8.1,4.2,0.1,0.0,0.0,0.0
2015-05-05,0.0,0.0,7.15,0.0,0.0,0.0,3.0,0.1,0.0,0.0,0.0,0.0
2015-05-12,0.0,0.0,6.35,0.0,0.0,0.0,2.8,0.0,0.0,0.0,0.0,0.25
2015-05-19,0.1,0.0,6.05,0.0,0.0,0.0,1.8,0.0,0.0,0.0,0.0,0.0
2015-05-26,0.0,0.0,4.75,0.0,0.0,0.0,0.2,0.0,0.0,0.0,0.0,0.0
2015-06-02,0.0,0.0,0.0,0.0,0.0,0.0,0.0,0.0,0.0,0.0,0.0,0.0
2015-06-09,0.0,0.0,0.0,0.0,0.0,0.0,0.0,0.0,0.0,0.0,0.0,0.0
2015-06-16,0.0,0.0,0.0,0.0,0.0,0.0,0.0,0.0,0.0,0.0,0.0,0.0
2015-06-23,0.0,0.0,0.0,0.0,0.0,0.0,0.0,0.0,0.0,0.0,0.0,0.0
2015-06-30,0.0,0.0,0.0,0.0,0.0,0.0,0.0,0.0,0.0,0.0,0.0,0.0
2015-12-01,2.9,1.3,4.0,2.2,1.85,2.2,2.3499999999999996,2.9,2.1,2.5,0.0,1.3
2015-12-08,3.48,1.7,4.25,3.1,5.6,2.4,2.75,4.2,2.1,2.5,0.0,1.65
2015-12-15,5.6,4.6,5.0,4.2,7.1,3.5,3.5,6.45,2.9,4.3,1.9,1.5499999999999998
2015-12-22,8.88,7.5,6.05,5.5,12.850000000000001,4.6,4.5,8.85,3.4,5.7,2.0,1.95
2015-12-29,10.5,9.1,7.25,5.8,15.45,6.2,4.9,9.75,4.949999999999999,7.7,2.45,2.05
2016-01-05,11.059999999999999,9.5,7.4,6.0,16.0,6.3,5.15,9.95,5.25,7.9,2.7,2.4
2016-01-12,12.149999999999999,9.8,7.8,6.2,16.4,7.0,5.35,10.15,6.35,8.2,6.050000000000001,2.45
2016-01-19,15.2,11.2,8.6,6.9,18.85,7.4,6.0,12.5,6.5,9.3,5.949999999999999,3.25
2016-01-26,17.4,12.3,9.2,7.3,20.4,8.2,6.3,13.75,6.7,10.0,5.6,3.4
2016-02-02,19.36,12.9,10.95,8.1,21.6,9.7,7.2,15.55,7.949999999999999,11.1,6.55,3.5999999999999996
2016-02-09,19.55,13.1,11.25,8.4,23.05,9.7,7.5,16.05,8.25,11.1,6.3,3.75
2016-02-16,18.55,12.8,11.5,8.9,23.8,9.7,8.7,16.75,8.2,10.8,4.65,4.6
2016-02-23,20.25,13.5,11.75,9.1,25.25,10.2,9.05,16.8,6.85,11.1,1.85,4.65
2016-03-01,19.65,12.7,11.850000000000001,9.4,25.55,10.3,9.0,16.75,6.45,11.0,0.0,5.25
2016-03-08,20.9,12.0,12.25,9.8,26.5,10.5,9.6,16.75,5.3,10.4,0.0,4.949999999999999
2016-03-15,23.3,13.4,12.6,10.7,30.15,10.8,10.35,18.45,4.9,11.1,0.0,4.0
2016-03-22,23.6,13.9,13.2,10.8,30.3,10.3,10.8,19.25,1.1,9.8,0.0,3.95
2016-03-29,22.6,14.7,14.6,12.1,31.4,11.5,12.95,20.450000000000003,1.35,10.9,0.0,4.1
2016-04-05,21.05,13.4,15.1,11.4,30.05,11.6,13.15,18.75,0.8,10.8,0.0,3.15
2016-04-12,16.9,5.9,13.45,9.7,26.35,8.2,11.2,16.450000000000003,0.0,7.0,0.0,0.5
2016-04-19,14.915,2.7,14.45,9.4,23.950000000000003,6.6,10.55,15.25,1.3,3.8,0.0,0.0
2016-04-26,13.25,0.0,13.7,6.0,18.0,4.1,10.850000000000001,11.45,0.0,3.6,0.0,0.0
2016-05-03,12.06,0.0,14.649999999999999,4.7,12.65,4.1,11.55,8.05,0.0,3.8,0.0,0.0
2016-05-10,8.04,0.0,12.350000000000001,0.9,4.75,0.7,8.9,1.9,0.0,0.0,0.0,0.0
2016-05-17,0.42,0.0,10.1,0.0,0.0,0.0,7.8,0.0,0.0,0.0,0.0,0.0
2016-05-24,0.3,0.0,5.95,0.0,0.0,0.0,3.0,0.0,0.0,0.0,0.0,0.0
2016-05-31,0.0,0.0,0.0,0.0,0.0,0.0,0.0,0.0,0.0,0.0,0.0,0.0
2016-06-07,0.0,0.0,0.0,0.0,0.0,0.0,0.0,0.0,0.0,0.0,0.0,0.0
2016-06-14,0.0,0.0,0.0,0.0,0.0,0.0,0.0,0.0,0.0,0.0,0.0,0.0
2016-06-21,0.0,0.0,0.0,0.0,0.0,0.0,0.0,0.0,0.0,0.0,0.0,0.0
2016-06-28,0.0,0.0,0.0,0.0,0.0,0.0,0.0,0.0,0.0,0.0,0.0,0.0
2016-12-06,2.2,2.7,2.4,1.7,5.8,2.3,2.6,2.6,1.3,1.5,0.8,2.3499999999999996
2016-12-13,3.48,4.7,3.7,2.4,7.9,3.5,4.2,4.75,1.5499999999999998,3.3,0.2,2.3
2016-12-20,4.85,6.5,5.8,3.6,9.0,5.2,6.3,6.1,2.8499999999999996,5.0,0.3,2.9
2016-12-27,6.24,7.1,7.0,4.2,10.3,6.6,7.0,7.300000000000001,4.1,5.6,1.6,3.25
2017-01-03,6.9,8.7,7.5,4.8,12.3,7.1,7.7,7.75,4.5,5.9,2.4,3.25
2017-01-10,15.7,10.8,11.0,5.8,13.45,9.6,9.9,10.15,5.95,8.7,2.25,3.6500000000000004
2017-01-17,20.16,12.149999999999999,12.3,6.1,14.3,10.9,11.5,10.9,6.6,10.5,2.5,3.7
2017-01-24,27.45,13.2,13.6,6.3,16.15,12.8,12.2,12.9,8.1,12.1,7.3,3.85
2017-01-31,28.189999999999998,13.3,13.8,6.35,16.5,13.0,12.3,13.4,8.45,13.2,7.45,4.199999999999999
2017-02-07,33.635,14.2,14.0,8.2,20.549999999999997,13.1,14.0,15.85,8.4,13.3,6.9,4.7
2017-02-14,36.0,14.3,15.1,9.3,22.6,13.5,16.1,17.0,8.5,14.3,4.3,4.5
2017-02-21,42.19,15.5,15.7,9.5,23.35,14.1,17.2,20.5,8.75,15.1,3.85,4.45
2017-02-28,45.0,17.4,16.5,10.8,24.75,15.5,18.8,21.55,8.899999999999999,17.2,4.4,4.25
2017-03-07,48.0,19.1,17.0,11.9,27.1,16.8,19.4,22.7,9.5,17.8,5.35,4.6
2017-03-14,46.68,19.3,16.9,12.6,29.2,15.9,19.8,24.2,8.45,17.6,1.15,5.0
2017-03-21,44.04,17.4,15.8,11.7,28.75,12.5,19.0,22.15,4.3,15.4,0.0,2.95
2017-03-28,45.7,17.4,16.7,12.0,30.75,13.4,19.1,22.75,4.05,16.0,0.0,0.85
2017-04-04,44.6,16.0,17.1,12.3,31.85,14.6,19.3,23.35,4.7,16.7,0.0,0.35
2017-04-11,47.099999999999994,14.6,17.3,12.4,31.45,13.9,19.8,23.049999999999997,4.3,16.0,0.0,0.0
2017-04-18,48.465,14.0,14.1,12.0,31.7,8.4,18.5,23.65,0.0,12.3,0.0,0.0
2017-04-25,46.5,11.4,13.0,10.8,30.2,5.9,18.6,23.45,0.0,11.0,0.0,0.0
2017-05-02,43.05,9.2,14.0,10.0,28.7,6.9,20.3,22.45,0.4,10.6,0.0,0.0
2017-05-09,36.644999999999996,2.5,10.1,5.6,23.6,0.0,16.2,16.549999999999997,0.0,1.0,0.0,0.0
2017-05-16,29.49,0.0,5.4,2.0,20.2,0.0,10.9,12.5,0.0,0.0,0.0,0.0
2017-05-23,21.75,0.0,5.2,0.9,15.9,0.0,11.5,9.5,0.0,0.0,0.0,0.0
2017-05-30,7.5600000000000005,0.0,0.0,0.0,6.4,0.0,7.0,2.05,0.0,0.0,0.0,0.0
2017-06-06,0.89,0.0,0.0,0.0,0.0,0.0,0.0,0.0,0.0,0.0,0.0,0.0
2017-06-13,0.8,0.0,0.0,0.0,0.0,0.0,0.0,0.0,0.0,0.0,0.0,0.0
2017-06-20,0.12,0.0,0.0,0.0,0.0,0.0,0.0,0.0,0.0,0.0,0.0,0.0
2017-06-27,0.0,0.0,0.0,0.0,0.0,0.0,0.0,0.0,0.0,0.0,0.0,0.0
2017-12-05,1.7,1.1,2.1,3.4,5.8,0.4,4.5,4.1,0.0,0.8,0.0,2.1
2017-12-12,1.69,1.1,2.3,3.4,5.3,0.3,4.7,4.25,0.0,0.8,0.0,2.5
2017-12-19,2.0,1.4,2.4,4.2,6.7,0.5,4.9,4.699999999999999,0.05,0.9,0.0,2.8
2017-12-26,2.16,2.7,3.5,5.4,8.6,1.6,5.9,5.7,0.15,1.5,0.0,2.65
2018-01-02,2.04,2.5,3.5,7.0,11.0,1.6,6.5,6.1,0.0,1.4,0.0,3.15
2018-01-09,2.6,2.4,3.8,7.3,11.4,2.1,6.8,6.5,0.2,1.8,0.0,3.5
2018-01-16,2.62,2.5,4.4,8.2,12.2,3.1,8.0,8.45,0.45,2.5,0.0,4.0
2018-01-23,2.64,3.6,5.1,9.2,15.1,3.7,8.3,9.05,0.75,2.7,1.15,4.45
2018-01-30,4.0,4.5,5.4,9.7,20.0,4.0,8.8,10.65,0.75,3.1,1.1,4.65
2018-02-06,3.66,3.7,5.6,10.7,19.8,4.0,10.1,10.8,0.35,2.8,0.0,5.25
2018-02-13,3.6,3.4,6.9,12.3,19.1,4.2,10.3,10.3,0.7,2.9,0.35,6.0
2018-02-20,3.63,4.3,8.1,13.8,24.0,5.3,11.7,12.399999999999999,1.85,3.6,0.9,6.550000000000001
2018-02-27,4.1,6.9,8.7,14.2,27.1,5.9,12.3,13.6,2.35,4.3,0.8,6.7
2018-03-06,8.28,8.4,8.7,15.1,28.1,6.6,12.7,15.55,2.55,4.7,0.8500000000000001,6.6
2018-03-13,8.469999999999999,7.6,8.9,15.7,29.0,6.3,13.1,15.8,1.05,4.7,0.0,6.65
2018-03-20,11.9,8.3,9.6,16.4,29.6,7.6,13.5,16.8,0.55,6.5,0.0,7.050000000000001
2018-03-27,14.88,9.2,10.1,16.3,31.4,8.2,14.3,17.0,0.0,8.2,0.0,7.050000000000001
2018-04-03,13.25,7.7,10.6,16.9,31.5,7.4,15.2,16.9,0.0,7.1,0.0,7.8
2018-04-10,10.6,5.7,11.2,18.2,31.0,6.1,16.4,18.3,0.0,5.3,0.0,8.7
2018-04-17,10.295,5.2,10.4,19.2,30.8,3.5,16.6,18.8,0.0,2.8,0.0,7.300000000000001
2018-04-24,8.3,3.5,9.0,17.9,28.9,0.2,14.7,15.5,0.0,0.0,0.0,4.800000000000001
2018-05-01,3.61,0.0,5.0,15.3,24.2,0.0,11.45,11.4,0.0,0.0,0.0,0.5
2018-05-08,0.45,0.0,3.2,11.6,20.0,0.0,8.4,6.1,0.0,0.0,0.0,0.0
2018-05-15,0.12,0.0,0.0,8.4,10.1,0.0,4.55,3.5,0.0,0.0,0.0,0.0
2018-05-22,0.1,0.0,0.0,1.3,1.0,0.0,0.0,0.0,0.0,0.0,0.0,0.0
2018-05-29,0.0,0.0,0.0,0.0,0.0,0.0,0.0,0.0,0.0,0.0,0.0,0.0
2018-06-05,0.0,0.0,0.0,0.0,0.0,0.0,0.0,0.0,0.0,0.0,0.0,0.0
2018-06-12,0.0,0.0,0.0,0.0,0.0,0.0,0.0,0.0,0.0,0.0,0.0,0.0
2018-06-19,0.0,0.0,0.0,0.0,0.0,0.0,0.0,0.0,0.0,0.0,0.0,0.0
2018-06-26,0.0,0.0,0.0,0.0,0.0,0.0,0.0,0.0,0.0,0.0,0.0,0.0
2018-12-04,5.07,1.7,4.2,2.8499999999999996,1.8,3.6,3.9,3.3,2.35,2.45,1.15,1.9
2018-12-11,5.195,2.0,4.7,3.0,2.6,3.6,4.2,3.5,2.7,2.6,1.2,1.95
2018-12-18,5.5649999999999995,3.2,4.8,3.5,6.35,3.9,4.45,4.6,2.8,2.8499999999999996,0.9,2.3
2018-12-25,6.6,4.1,5.4,4.35,8.850000000000001,4.2,4.8,5.6,2.6,3.7,0.30000000000000004,2.1
2019-01-01,6.71,5.4,5.9,4.95,10.3,4.8,5.300000000000001,6.5,4.0,4.35,1.7,2.9000000000000004
2019-01-08,8.76,5.9,6.8,5.35,12.15,5.7,5.95,7.6,4.4,4.949999999999999,2.55,3.3
2019-01-15,10.05,5.8,7.0,5.6,12.350000000000001,5.6,6.2,8.0,5.050000000000001,5.199999999999999,3.05,3.3
2019-01-22,15.82,8.1,9.1,6.199999999999999,13.9,8.0,7.45,10.3,5.4,7.7,3.4,3.5999999999999996
2019-01-29,16.18,8.3,9.4,6.95,14.4,8.1,8.05,10.95,5.5,7.65,3.0999999999999996,4.95
2019-02-05,21.4,9.3,10.2,7.6,14.649999999999999,9.2,8.8,12.8,6.15,10.2,2.4000000000000004,5.35
2019-02-12,24.5,10.9,10.9,8.2,17.4,10.8,9.25,13.95,6.75,11.75,3.45,5.6
2019-02-19,31.1,13.0,12.4,9.55,19.9,12.6,10.55,16.15,7.449999999999999,14.350000000000001,4.15,6.15
2019-02-26,32.7,16.0,13.4,10.5,22.049999999999997,13.1,11.1,17.950000000000003,9.05,15.15,7.05,6.3
2019-03-05,36.4,16.8,15.7,11.1,21.75,14.7,11.4,19.25,8.8,16.3,5.8,6.4
2019-03-12,39.25,17.7,18.1,11.45,23.299999999999997,16.5,12.75,20.2,9.55,18.450000000000003,4.3,6.6
2019-03-19,39.05,17.8,19.7,11.85,24.15,17.6,13.1,20.6,11.05,19.15,4.949999999999999,8.15
2019-03-26,39.6,16.8,20.5,11.7,22.1,17.7,13.2,20.7,11.45,20.05,2.2,7.25
2019-04-02,41.705,16.6,20.4,12.15,21.45,17.8,13.95,21.0,10.399999999999999,20.55,0.0,6.6
2019-04-09,41.26,14.8,19.7,12.3,20.7,16.7,14.3,20.9,8.25,18.049999999999997,0.0,3.95
2019-04-16,40.754999999999995,15.1,19.7,13.05,21.700000000000003,17.8,15.05,22.0,5.699999999999999,20.0,0.0,3.8499999999999996
2019-04-23,35.995000000000005,11.1,17.3,11.9,18.200000000000003,16.0,13.7,19.3,0.6000000000000001,17.35,0.0,0.55
2019-04-30,28.98,6.4,16.4,11.05,16.05,10.1,11.65,15.7,0.0,10.4,0.0,0.0
2019-05-07,27.05,0.15,15.7,9.65,10.7,7.8,10.15,13.5,0.0,5.25,0.0,0.0
2019-05-14,19.9,0.0,14.0,5.550000000000001,1.6,3.5,8.8,8.6,0.0,0.0,0.0,0.0
2019-05-21,18.05,0.0,12.4,2.45,0.0,0.9,6.0,5.0,0.0,1.5,0.0,0.0
2019-05-28,17.7,0.0,12.2,0.15,0.0,0.7,6.75,1.2,0.0,0.45,0.0,0.0
2019-06-04,10.2,0.0,8.3,0.0,0.0,0.0,1.2,0.0,0.0,0.0,0.0,0.0
2019-06-11,1.74,0.0,0.3,0.0,0.0,0.0,0.0,0.0,0.0,0.0,0.0,0.0
2019-06-18,0.36,0.0,0.0,0.0,0.0,0.0,0.0,0.0,0.0,0.0,0.0,0.0
2019-06-25,0.0,0.0,0.0,0.0,0.0,0.0,0.0,0.0,0.0,0.0,0.0,0.0
2019-12-03,4.6,1.7,4.3,3.3,1.2,3.9,4.5,2.75,2.9,2.1500000000000004,2.9,3.3
2019-12-10,6.6,1.7,5.2,3.7,0.95,4.8,4.9,3.3,3.9,3.05,2.35,3.4
2019-12-17,7.9,2.4,6.5,4.449999999999999,2.75,5.7,5.6,4.550000000000001,4.35,4.25,1.75,3.35
2019-12-24,8.64,3.0,6.6,4.65,4.300000000000001,5.9,5.8,5.0,4.55,4.35,1.9,3.35
2019-12-31,8.805,2.9,7.2,4.8,4.6,6.9,6.1,5.35,4.95,5.05,4.65,3.35
2020-01-07,9.0,4.0,7.9,5.95,8.2,7.3,6.6,7.35,5.1,5.75,4.5,3.7
2020-01-14,9.6,7.45,8.4,6.95,13.95,7.9,7.6,9.9,5.2,6.8,4.6,3.85
2020-01-21,10.51,8.649999999999999,9.0,7.35,15.9,8.4,8.3,10.8,5.85,7.4,4.45,3.9
2020-01-28,11.25,10.2,9.6,7.699999999999999,19.3,9.1,8.9,12.5,6.199999999999999,8.35,4.1,4.4
2020-02-04,11.6,10.6,9.8,8.75,20.0,9.4,9.6,13.55,6.35,8.95,3.95,5.15
2020-02-11,11.4,11.75,11.0,10.45,23.25,10.4,10.9,15.15,7.0,9.5,3.3499999999999996,5.75
2020-02-18,11.4,12.75,12.0,11.4,25.05,10.7,11.8,15.95,7.3,9.649999999999999,3.1,6.05
2020-02-25,11.3,12.45,12.6,11.65,25.9,11.2,12.2,16.25,7.65,9.55,1.7999999999999998,6.5
2020-03-03,10.6,12.5,13.0,11.85,26.8,11.3,12.6,16.4,7.55,9.65,0.55,7.2
2020-03-10,10.2,12.149999999999999,12.8,12.45,27.2,11.3,12.8,17.0,6.9,9.399999999999999,0.0,7.300000000000001
2020-03-17,13.115,12.6,13.8,13.2,27.75,12.4,13.5,17.6,6.0,8.85,0.0,7.25
2020-03-24,13.3,11.65,15.0,13.399999999999999,27.15,12.9,13.9,17.700000000000003,5.9,9.05,1.0,7.15
2020-03-31,13.9,12.95,15.6,14.35,28.6,13.8,14.2,19.35,5.05,10.149999999999999,0.0,7.199999999999999
2020-04-07,16.9,13.75,15.4,15.399999999999999,29.1,13.5,14.9,20.65,1.2999999999999998,10.15,0.0,6.65
2020-04-14,16.4,10.9,14.9,15.3,27.1,12.1,15.0,19.049999999999997,0.15,8.15,0.0,5.15
2020-04-21,15.0,7.25,15.5,14.25,24.4,12.0,15.5,16.9,0.0,5.15,0.0,5.6
2020-04-28,9.84,0.65,14.6,12.350000000000001,20.95,6.8,14.1,13.899999999999999,0.0,0.0,0.0,1.85
2020-05-05,4.32,0.0,9.8,9.350000000000001,17.5,0.0,10.8,8.95,0.0,0.0,0.0,0.25
2020-05-12,0.48,0.0,4.4,7.0,10.8,0.0,7.8,2.35,0.0,0.0,0.0,0.0
2020-05-19,0.72,0.0,0.1,3.85,6.5,0.0,2.0,0.0,0.0,0.0,0.0,0.0
2020-05-26,0.1,0.0,0.0,0.30000000000000004,1.6,0.0,0.2,0.0,0.0,0.0,0.0,0.0
2020-06-02,0.0,0.0,0.0,0.0,0.0,0.0,0.0,0.0,0.0,0.0,0.0,0.0
2020-06-09,0.0,0.0,0.0,0.0,0.0,0.0,0.0,0.0,0.0,0.0,0.0,0.0
2020-06-16,0.0,0.0,0.0,0.0,0.0,0.0,0.0,0.0,0.0,0.0,0.0,0.0
2020-06-23,0.0,0.0,0.0,0.0,0.0,0.0,0.0,0.0,0.0,0.0,0.0,0.0
2020-06-30,0.0,0.0,0.0,0.0,0.0,0.0,0.0,0.0,0.0,0.0,0.0,0.0
2020-12-01,2.2,3.4,2.8,2.9,7.15,1.4,3.0,3.3,0.6,1.4,0.0,1.1
2020-12-08,2.2,3.45,3.1,2.9,7.15,1.4,3.2,3.3,0.8,1.4,0.0,1.0499999999999998
2020-12-15,3.1,3.8499999999999996,3.7,3.2,7.1,2.0,3.45,3.8,1.7,2.1,0.0,1.2
2020-12-22,4.0,4.25,4.1,4.0,10.9,2.6,4.3,5.199999999999999,1.9,2.45,0.0,1.4
2020-12-29,4.79,4.35,5.0,4.4,11.149999999999999,3.0,4.8,5.949999999999999,2.2,2.9,0.0,2.05
2021-01-05,5.98,6.0,5.3,5.2,15.6,3.3,5.1,7.75,2.4,3.4,0.0,2.2
2021-01-12,6.24,6.65,5.5,5.1,18.65,3.5,5.3,8.05,2.4,3.5,0.0,2.4000000000000004
2021-01-19,6.0,6.75,5.7,6.2,18.049999999999997,3.5,5.8,9.15,2.4,3.6500000000000004,0.0,3.2
2021-01-26,6.48,6.949999999999999,6.6,6.2,18.4,4.2,6.3,9.399999999999999,3.7,4.050000000000001,3.9,3.25
2021-02-02,11.45,8.0,7.1,6.8,18.5,4.9,6.7,10.3,4.6,5.25,4.5,3.3
2021-02-09,12.1,9.0,8.3,8.7,22.8,5.4,8.5,12.9,4.6,5.35,3.1,3.95
2021-02-16,13.59,11.25,9.5,8.7,25.95,7.0,9.5,14.5,5.1,8.1,3.0,4.25
2021-02-23,14.0,13.45,10.0,9.8,29.8,7.6,10.4,16.75,6.1,9.05,2.6,4.3
2021-03-02,14.12,14.35,10.1,10.7,35.1,8.0,10.7,18.05,6.1,9.2,2.25,4.8
2021-03-09,14.07,14.399999999999999,10.6,11.1,33.75,8.2,10.8,18.299999999999997,6.1,9.25,1.0,4.550000000000001
2021-03-16,15.43,14.9,12.1,11.1,35.55,9.5,11.6,18.2,7.2,9.75,2.15,5.25
2021-03-23,16.35,15.05,12.6,11.2,37.0,10.0,11.9,18.6,7.0,10.75,0.3,4.9
2021-03-30,16.6,14.2,13.4,11.9,38.9,10.6,13.2,19.0,7.9,12.15,0.15,5.050000000000001
2021-04-06,13.5,12.1,12.6,10.7,39.0,8.2,12.0,17.2,4.8,8.95,0.0,2.35
2021-04-13,10.2,10.350000000000001,11.4,10.7,39.5,6.2,12.8,15.600000000000001,0.0,5.5,0.0,2.5500000000000003
2021-04-20,7.755,4.2,11.9,10.4,35.6,6.6,13.5,13.55,0.0,3.2,0.0,3.1
2021-04-27,4.63,0.55,10.3,10.8,31.6,3.9,13.5,12.45,0.0,1.4,0.0,2.25
2021-05-04,0.685,0.0,8.5,7.4,27.4,0.0,10.4,6.65,0.0,0.0,0.0,0.45
2021-05-11,0.09,0.0,6.1,5.6,22.7,0.0,8.8,1.35,0.0,0.0,0.0,0.15
2021-05-18,0.0,0.0,1.6,0.2,15.2,0.0,5.2,0.0,0.0,0.0,0.0,0.0
2021-05-25,0.07,0.0,0.0,1.7,11.600000000000001,0.0,0.2,0.0,0.0,0.0,0.0,0.0
2021-06-01,0.0,0.0,0.0,0.0,2.5,0.0,0.0,0.0,0.0,0.0,0.0,0.0
2021-06-08,0.0,0.0,0.0,0.0,0.0,0.0,0.0,0.0,0.0,0.0,0.0,0.0
2021-06-15,0.0,0.0,0.0,0.0,0.0,0.0,0.0,0.0,0.0,0.0,0.0,0.0
2021-06-22,0.0,0.0,0.0,0.0,0.0,0.0,0.0,0.0,0.0,0.0,0.0,0.0
2021-06-29,0.0,0.0,0.0,0.0,0.0,0.0,0.0,0.0,0.0,0.0,0.0,0.0
