time,value,state
2013-01-01,13.2,California
2013-01-08,13.32,California
2013-01-15,13.77,California
2013-01-22,12.895,California
2013-01-29,13.295,California
2013-02-05,13.25,California
2013-02-12,13.5,California
2013-02-19,13.59,California
2013-02-26,14.0,California
2013-03-05,14.16,California
2013-03-12,15.48,California
2013-03-19,13.8,California
2013-03-26,13.5,California
2013-04-02,11.620000000000001,California
2013-04-09,9.2,California
2013-04-16,5.835,California
2013-04-23,3.165,California
2013-04-30,0.22,California
2013-05-07,0.375,California
2013-05-14,0.0,California
2013-05-21,0.0,California
2013-05-28,0.0,California
2013-06-04,0.0,California
2013-06-11,0.0,California
2013-06-18,0.0,California
2013-06-25,0.0,California
2013-12-03,0.7,California
2013-12-10,1.975,California
2013-12-17,2.1,California
2013-12-24,2.18,California
2013-12-31,2.16,California
2014-01-07,2.13,California
2014-01-14,2.22,California
2014-01-21,2.18,California
2014-01-28,2.18,California
2014-02-04,3.1900000000000004,California
2014-02-11,5.75,California
2014-02-18,5.5,California
2014-02-25,5.3,California
2014-03-04,8.45,California
2014-03-11,8.59,California
2014-03-18,7.48,California
2014-03-25,5.9,California
2014-04-01,8.33,California
2014-04-08,8.52,California
2014-04-15,4.385,California
2014-04-22,1.0499999999999998,California
2014-04-29,1.68,California
2014-05-06,0.24,California
2014-05-13,0.12,California
2014-05-20,0.1,California
2014-05-27,0.0,California
2014-06-03,0.0,California
2014-06-10,0.0,California
2014-06-17,0.0,California
2014-06-24,0.0,California
2014-12-02,0.775,California
2014-12-09,1.2,California
2014-12-16,2.6399999999999997,California
2014-12-23,3.6,California
2014-12-30,4.0,California
2015-01-06,4.4,California
2015-01-13,4.0600000000000005,California
2015-01-20,3.955,California
2015-01-27,3.5,California
2015-02-03,3.44,California
2015-02-10,4.55,California
2015-02-17,4.34,California
2015-02-24,3.4,California
2015-03-03,3.88,California
2015-03-10,3.755,California
2015-03-17,0.9,California
2015-03-24,0.5,California
2015-03-31,0.0,California
2015-04-07,0.24,California
2015-04-14,0.1,California
2015-04-21,0.0,California
2015-04-28,0.11,California
2015-05-05,0.0,California
2015-05-12,0.0,California
2015-05-19,0.1,California
2015-05-26,0.0,California
2015-06-02,0.0,California
2015-06-09,0.0,California
2015-06-16,0.0,California
2015-06-23,0.0,California
2015-06-30,0.0,California
2015-12-01,2.9,California
2015-12-08,3.48,California
2015-12-15,5.6,California
2015-12-22,8.88,California
2015-12-29,10.5,California
2016-01-05,11.059999999999999,California
2016-01-12,12.149999999999999,California
2016-01-19,15.2,California
2016-01-26,17.4,California
2016-02-02,19.36,California
2016-02-09,19.55,California
2016-02-16,18.55,California
2016-02-23,20.25,California
2016-03-01,19.65,California
2016-03-08,20.9,California
2016-03-15,23.3,California
2016-03-22,23.6,California
2016-03-29,22.6,California
2016-04-05,21.05,California
2016-04-12,16.9,California
2016-04-19,14.915,California
2016-04-26,13.25,California
2016-05-03,12.06,California
2016-05-10,8.04,California
2016-05-17,0.42,California
2016-05-24,0.3,California
2016-05-31,0.0,California
2016-06-07,0.0,California
2016-06-14,0.0,California
2016-06-21,0.0,California
2016-06-28,0.0,California
2016-12-06,2.2,California
2016-12-13,3.48,California
2016-12-20,4.85,California
2016-12-27,6.24,California
2017-01-03,6.9,California
2017-01-10,15.7,California
2017-01-17,20.16,California
2017-01-24,27.45,California
2017-01-31,28.189999999999998,California
2017-02-07,33.635,California
2017-02-14,36.0,California
2017-02-21,42.19,California
2017-02-28,45.0,California
2017-03-07,48.0,California
2017-03-14,46.68,California
2017-03-21,44.04,California
2017-03-28,45.7,California
2017-04-04,44.6,California
2017-04-11,47.099999999999994,California
2017-04-18,48.465,California
2017-04-25,46.5,California
2017-05-02,43.05,California
2017-05-09,36.644999999999996,California
2017-05-16,29.49,California
2017-05-23,21.75,California
2017-05-30,7.5600000000000005,California
2017-06-06,0.89,California
2017-06-13,0.8,California
2017-06-20,0.12,California
2017-06-27,0.0,California
2017-12-05,1.7,California
2017-12-12,1.69,California
2017-12-19,2.0,California
2017-12-26,2.16,California
2018-01-02,2.04,California
2018-01-09,2.6,California
2018-01-16,2.62,California
2018-01-23,2.64,California
2018-01-30,4.0,California
2018-02-06,3.66,California
2018-02-13,3.6,California
2018-02-20,3.63,California
2018-02-27,4.1,California
2018-03-06,8.28,California
2018-03-13,8.469999999999999,California
2018-03-20,11.9,California
2018-03-27,14.88,California
2018-04-03,13.25,California
2018-04-10,10.6,California
2018-04-17,10.295,California
2018-04-24,8.3,California
2018-05-01,3.61,California
2018-05-08,0.45,California
2018-05-15,0.12,California
2018-05-22,0.1,California
2018-05-29,0.0,California
2018-06-05,0.0,California
2018-06-12,0.0,California
2018-06-19,0.0,California
2018-06-26,0.0,California
2018-12-04,5.07,California
2018-12-11,5.195,California
2018-12-18,5.5649999999999995,California
2018-12-25,6.6,California
2019-01-01,6.71,California
2019-01-08,8.76,California
2019-01-15,10.05,California
2019-01-22,15.82,California
2019-01-29,16.18,California
2019-02-05,21.4,California
2019-02-12,24.5,California
2019-02-19,31.1,California
2019-02-26,32.7,California
2019-03-05,36.4,California
2019-03-12,39.25,California
2019-03-19,39.05,California
2019-03-26,39.6,California
2019-04-02,41.705,California
2019-04-09,41.26,California
2019-04-16,40.754999999999995,California
2019-04-23,35.995000000000005,California
2019-04-30,28.98,California
2019-05-07,27.05,California
2019-05-14,19.9,California
2019-05-21,18.05,California
2019-05-28,17.7,California
2019-06-04,10.2,California
2019-06-11,1.74,California
2019-06-18,0.36,California
2019-06-25,0.0,California
2019-12-03,4.6,California
2019-12-10,6.6,California
2019-12-17,7.9,California
2019-12-24,8.64,California
2019-12-31,8.805,California
2020-01-07,9.0,California
2020-01-14,9.6,California
2020-01-21,10.51,California
2020-01-28,11.25,California
2020-02-04,11.6,California
2020-02-11,11.4,California
2020-02-18,11.4,California
2020-02-25,11.3,California
2020-03-03,10.6,California
2020-03-10,10.2,California
2020-03-17,13.115,California
2020-03-24,13.3,California
2020-03-31,13.9,California
2020-04-07,16.9,California
2020-04-14,16.4,California
2020-04-21,15.0,California
2020-04-28,9.84,California
2020-05-05,4.32,California
2020-05-12,0.48,California
2020-05-19,0.72,California
2020-05-26,0.1,California
2020-06-02,0.0,California
2020-06-09,0.0,California
2020-06-16,0.0,California
2020-06-23,0.0,California
2020-06-30,0.0,California
2020-12-01,2.2,California
2020-12-08,2.2,California
2020-12-15,3.1,California
2020-12-22,4.0,California
2020-12-29,4.79,California
2021-01-05,5.98,California
2021-01-12,6.24,California
2021-01-19,6.0,California
2021-01-26,6.48,California
2021-02-02,11.45,California
2021-02-09,12.1,California
2021-02-16,13.59,California
2021-02-23,14.0,California
2021-03-02,14.12,California
2021-03-09,14.07,California
2021-03-16,15.43,California
2021-03-23,16.35,California
2021-03-30,16.6,California
2021-04-06,13.5,California
2021-04-13,10.2,California
2021-04-20,7.755,California
2021-04-27,4.63,California
2021-05-04,0.685,California
2021-05-11,0.09,California
2021-05-18,0.0,California
2021-05-25,0.07,California
2021-06-01,0.0,California
2021-06-08,0.0,California
2021-06-15,0.0,California
2021-06-22,0.0,California
2021-06-29,0.0,California
2013-01-01,8.4,Oregon
2013-01-08,8.7,Oregon
2013-01-15,9.5,Oregon
2013-01-22,9.4,Oregon
2013-01-29,11.5,Oregon
2013-02-05,11.9,Oregon
2013-02-12,12.6,Oregon
2013-02-19,12.5,Oregon
2013-02-26,14.8,Oregon
2013-03-05,14.6,Oregon
2013-03-12,15.2,Oregon
2013-03-19,13.8,Oregon
2013-03-26,13.8,Oregon
2013-04-02,11.5,Oregon
2013-04-09,9.5,Oregon
2013-04-16,7.2,Oregon
2013-04-23,4.1,Oregon
2013-04-30,0.0,Oregon
2013-05-07,0.0,Oregon
2013-05-14,0.0,Oregon
2013-05-21,0.0,Oregon
2013-05-28,0.0,Oregon
2013-06-04,0.0,Oregon
2013-06-11,0.0,Oregon
2013-06-18,0.0,Oregon
2013-06-25,0.0,Oregon
2013-12-03,0.6,Oregon
2013-12-10,1.25,Oregon
2013-12-17,1.25,Oregon
2013-12-24,1.75,Oregon
2013-12-31,1.7000000000000002,Oregon
2014-01-07,1.6,Oregon
2014-01-14,3.0,Oregon
2014-01-21,3.0,Oregon
2014-01-28,2.8499999999999996,Oregon
2014-02-04,3.4,Oregon
2014-02-11,5.1,Oregon
2014-02-18,6.2,Oregon
2014-02-25,7.1,Oregon
2014-03-04,7.3,Oregon
2014-03-11,5.9,Oregon
2014-03-18,5.3,Oregon
2014-03-25,4.5,Oregon
2014-04-01,5.4,Oregon
2014-04-08,4.9,Oregon
2014-04-15,1.3,Oregon
2014-04-22,0.1,Oregon
2014-04-29,0.0,Oregon
2014-05-06,0.0,Oregon
2014-05-13,0.0,Oregon
2014-05-20,0.0,Oregon
2014-05-27,0.0,Oregon
2014-06-03,0.0,Oregon
2014-06-10,0.0,Oregon
2014-06-17,0.0,Oregon
2014-06-24,0.0,Oregon
2014-12-02,1.0,Oregon
2014-12-09,0.5,Oregon
2014-12-16,0.5,Oregon
2014-12-23,0.9,Oregon
2014-12-30,3.0,Oregon
2015-01-06,3.1,Oregon
2015-01-13,3.3,Oregon
2015-01-20,3.4,Oregon
2015-01-27,2.9,Oregon
2015-02-03,1.9,Oregon
2015-02-10,0.0,Oregon
2015-02-17,0.0,Oregon
2015-02-24,0.0,Oregon
2015-03-03,0.7,Oregon
2015-03-10,0.0,Oregon
2015-03-17,0.0,Oregon
2015-03-24,0.3,Oregon
2015-03-31,0.0,Oregon
2015-04-07,0.1,Oregon
2015-04-14,0.0,Oregon
2015-04-21,0.0,Oregon
2015-04-28,0.0,Oregon
2015-05-05,0.0,Oregon
2015-05-12,0.0,Oregon
2015-05-19,0.0,Oregon
2015-05-26,0.0,Oregon
2015-06-02,0.0,Oregon
2015-06-09,0.0,Oregon
2015-06-16,0.0,Oregon
2015-06-23,0.0,Oregon
2015-06-30,0.0,Oregon
2015-12-01,1.3,Oregon
2015-12-08,1.7,Oregon
2015-12-15,4.6,Oregon
2015-12-22,7.5,Oregon
2015-12-29,9.1,Oregon
2016-01-05,9.5,Oregon
2016-01-12,9.8,Oregon
2016-01-19,11.2,Oregon
2016-01-26,12.3,Oregon
2016-02-02,12.9,Oregon
2016-02-09,13.1,Oregon
2016-02-16,12.8,Oregon
2016-02-23,13.5,Oregon
2016-03-01,12.7,Oregon
2016-03-08,12.0,Oregon
2016-03-15,13.4,Oregon
2016-03-22,13.9,Oregon
2016-03-29,14.7,Oregon
2016-04-05,13.4,Oregon
2016-04-12,5.9,Oregon
2016-04-19,2.7,Oregon
2016-04-26,0.0,Oregon
2016-05-03,0.0,Oregon
2016-05-10,0.0,Oregon
2016-05-17,0.0,Oregon
2016-05-24,0.0,Oregon
2016-05-31,0.0,Oregon
2016-06-07,0.0,Oregon
2016-06-14,0.0,Oregon
2016-06-21,0.0,Oregon
2016-06-28,0.0,Oregon
2016-12-06,2.7,Oregon
2016-12-13,4.7,Oregon
2016-12-20,6.5,Oregon
2016-12-27,7.1,Oregon
2017-01-03,8.7,Oregon
2017-01-10,10.8,Oregon
2017-01-17,12.149999999999999,Oregon
2017-01-24,13.2,Oregon
2017-01-31,13.3,Oregon
2017-02-07,14.2,Oregon
2017-02-14,14.3,Oregon
2017-02-21,15.5,Oregon
2017-02-28,17.4,Oregon
2017-03-07,19.1,Oregon
2017-03-14,19.3,Oregon
2017-03-21,17.4,Oregon
2017-03-28,17.4,Oregon
2017-04-04,16.0,Oregon
2017-04-11,14.6,Oregon
2017-04-18,14.0,Oregon
2017-04-25,11.4,Oregon
2017-05-02,9.2,Oregon
2017-05-09,2.5,Oregon
2017-05-16,0.0,Oregon
2017-05-23,0.0,Oregon
2017-05-30,0.0,Oregon
2017-06-06,0.0,Oregon
2017-06-13,0.0,Oregon
2017-06-20,0.0,Oregon
2017-06-27,0.0,Oregon
2017-12-05,1.1,Oregon
2017-12-12,1.1,Oregon
2017-12-19,1.4,Oregon
2017-12-26,2.7,Oregon
2018-01-02,2.5,Oregon
2018-01-09,2.4,Oregon
2018-01-16,2.5,Oregon
2018-01-23,3.6,Oregon
2018-01-30,4.5,Oregon
2018-02-06,3.7,Oregon
2018-02-13,3.4,Oregon
2018-02-20,4.3,Oregon
2018-02-27,6.9,Oregon
2018-03-06,8.4,Oregon
2018-03-13,7.6,Oregon
2018-03-20,8.3,Oregon
2018-03-27,9.2,Oregon
2018-04-03,7.7,Oregon
2018-04-10,5.7,Oregon
2018-04-17,5.2,Oregon
2018-04-24,3.5,Oregon
2018-05-01,0.0,Oregon
2018-05-08,0.0,Oregon
2018-05-15,0.0,Oregon
2018-05-22,0.0,Oregon
2018-05-29,0.0,Oregon
2018-06-05,0.0,Oregon
2018-06-12,0.0,Oregon
2018-06-19,0.0,Oregon
2018-06-26,0.0,Oregon
2018-12-04,1.7,Oregon
2018-12-11,2.0,Oregon
2018-12-18,3.2,Oregon
2018-12-25,4.1,Oregon
2019-01-01,5.4,Oregon
2019-01-08,5.9,Oregon
2019-01-15,5.8,Oregon
2019-01-22,8.1,Oregon
2019-01-29,8.3,Oregon
2019-02-05,9.3,Oregon
2019-02-12,10.9,Oregon
2019-02-19,13.0,Oregon
2019-02-26,16.0,Oregon
2019-03-05,16.8,Oregon
2019-03-12,17.7,Oregon
2019-03-19,17.8,Oregon
2019-03-26,16.8,Oregon
2019-04-02,16.6,Oregon
2019-04-09,14.8,Oregon
2019-04-16,15.1,Oregon
2019-04-23,11.1,Oregon
2019-04-30,6.4,Oregon
2019-05-07,0.15,Oregon
2019-05-14,0.0,Oregon
2019-05-21,0.0,Oregon
2019-05-28,0.0,Oregon
2019-06-04,0.0,Oregon
2019-06-11,0.0,Oregon
2019-06-18,0.0,Oregon
2019-06-25,0.0,Oregon
2019-12-03,1.7,Oregon
2019-12-10,1.7,Oregon
2019-12-17,2.4,Oregon
2019-12-24,3.0,Oregon
2019-12-31,2.9,Oregon
2020-01-07,4.0,Oregon
2020-01-14,7.45,Oregon
2020-01-21,8.649999999999999,Oregon
2020-01-28,10.2,Oregon
2020-02-04,10.6,Oregon
2020-02-11,11.75,Oregon
2020-02-18,12.75,Oregon
2020-02-25,12.45,Oregon
2020-03-03,12.5,Oregon
2020-03-10,12.149999999999999,Oregon
2020-03-17,12.6,Oregon
2020-03-24,11.65,Oregon
2020-03-31,12.95,Oregon
2020-04-07,13.75,Oregon
2020-04-14,10.9,Oregon
2020-04-21,7.25,Oregon
2020-04-28,0.65,Oregon
2020-05-05,0.0,Oregon
2020-05-12,0.0,Oregon
2020-05-19,0.0,Oregon
2020-05-26,0.0,Oregon
2020-06-02,0.0,Oregon
2020-06-09,0.0,Oregon
2020-06-16,0.0,Oregon
2020-06-23,0.0,Oregon
2020-06-30,0.0,Oregon
2020-12-01,3.4,Oregon
2020-12-08,3.45,Oregon
2020-12-15,3.8499999999999996,Oregon
2020-12-22,4.25,Oregon
2020-12-29,4.35,Oregon
2021-01-05,6.0,Oregon
2021-01-12,6.65,Oregon
2021-01-19,6.75,Oregon
2021-01-26,6.949999999999999,Oregon
2021-02-02,8.0,Oregon
2021-02-09,9.0,Oregon
2021-02-16,11.25,Oregon
2021-02-23,13.45,Oregon
2021-03-02,14.35,Oregon
2021-03-09,14.399999999999999,Oregon
2021-03-16,14.9,Oregon
2021-03-23,15.05,Oregon
2021-03-30,14.2,Oregon
2021-04-06,12.1,Oregon
2021-04-13,10.350000000000001,Oregon
2021-04-20,4.2,Oregon
2021-04-27,0.55,Oregon
2021-05-04,0.0,Oregon
2021-05-11,0.0,Oregon
2021-05-18,0.0,Oregon
2021-05-25,0.0,Oregon
2021-06-01,0.0,Oregon
2021-06-08,0.0,Oregon
2021-06-15,0.0,Oregon
2021-06-22,0.0,Oregon
2021-06-29,0.0,Oregon
2013-01-01,4.4,Colorado
2013-01-08,4.5,Colorado
2013-01-15,4.9,Colorado
2013-01-22,4.9,Colorado
2013-01-29,6.4,Colorado
2013-02-05,6.9,Colorado
2013-02-12,7.4,Colorado
2013-02-19,8.0,Colorado
2013-02-26,8.5,Colorado
2013-03-05,9.5,Colorado
2013-03-12,10.3,Colorado
2013-03-19,10.6,Colorado
2013-03-26,11.0,Colorado
2013-04-02,10.9,Colorado
2013-04-09,10.4,Colorado
2013-04-16,12.2,Colorado
2013-04-23,13.7,Colorado
2013-04-30,10.9,Colorado
2013-05-07,9.8,Colorado
2013-05-14,7.2,Colorado
2013-05-21,1.8,Colorado
2013-05-28,0.0,Colorado
2013-06-04,0.0,Colorado
2013-06-11,0.0,Colorado
2013-06-18,0.0,Colorado
2013-06-25,0.0,Colorado
2013-12-03,4.3,Colorado
2013-12-10,5.4,Colorado
2013-12-17,5.5,Colorado
2013-12-24,6.0,Colorado
2013-12-31,6.2,Colorado
2014-01-07,6.6,Colorado
2014-01-14,7.6,Colorado
2014-01-21,7.7,Colorado
2014-01-28,7.8,Colorado
2014-02-04,10.2,Colorado
2014-02-11,11.8,Colorado
2014-02-18,12.3,Colorado
2014-02-25,12.8,Colorado
2014-03-04,14.4,Colorado
2014-03-11,15.0,Colorado
2014-03-18,15.5,Colorado
2014-03-25,16.0,Colorado
2014-04-01,16.9,Colorado
2014-04-08,17.9,Colorado
2014-04-15,16.5,Colorado
2014-04-22,15.3,Colorado
2014-04-29,13.5,Colorado
2014-05-06,10.1,Colorado
2014-05-13,10.4,Colorado
2014-05-20,6.0,Colorado
2014-05-27,0.9,Colorado
2014-06-03,0.0,Colorado
2014-06-10,0.0,Colorado
2014-06-17,0.0,Colorado
2014-06-24,0.0,Colorado
2014-12-02,3.2,Colorado
2014-12-09,3.3,Colorado
2014-12-16,3.8,Colorado
2014-12-23,5.35,Colorado
2014-12-30,6.2,Colorado
2015-01-06,6.6,Colorado
2015-01-13,6.7,Colorado
2015-01-20,7.1,Colorado
2015-01-27,7.2,Colorado
2015-02-03,7.85,Colorado
2015-02-10,8.0,Colorado
2015-02-17,8.55,Colorado
2015-02-24,9.8,Colorado
2015-03-03,11.65,Colorado
2015-03-10,11.9,Colorado
2015-03-17,11.7,Colorado
2015-03-24,11.1,Colorado
2015-03-31,10.75,Colorado
2015-04-07,10.2,Colorado
2015-04-14,9.0,Colorado
2015-04-21,10.1,Colorado
2015-04-28,10.25,Colorado
2015-05-05,7.15,Colorado
2015-05-12,6.35,Colorado
2015-05-19,6.05,Colorado
2015-05-26,4.75,Colorado
2015-06-02,0.0,Colorado
2015-06-09,0.0,Colorado
2015-06-16,0.0,Colorado
2015-06-23,0.0,Colorado
2015-06-30,0.0,Colorado
2015-12-01,4.0,Colorado
2015-12-08,4.25,Colorado
2015-12-15,5.0,Colorado
2015-12-22,6.05,Colorado
2015-12-29,7.25,Colorado
2016-01-05,7.4,Colorado
2016-01-12,7.8,Colorado
2016-01-19,8.6,Colorado
2016-01-26,9.2,Colorado
2016-02-02,10.95,Colorado
2016-02-09,11.25,Colorado
2016-02-16,11.5,Colorado
2016-02-23,11.75,Colorado
2016-03-01,11.850000000000001,Colorado
2016-03-08,12.25,Colorado
2016-03-15,12.6,Colorado
2016-03-22,13.2,Colorado
2016-03-29,14.6,Colorado
2016-04-05,15.1,Colorado
2016-04-12,13.45,Colorado
2016-04-19,14.45,Colorado
2016-04-26,13.7,Colorado
2016-05-03,14.649999999999999,Colorado
2016-05-10,12.350000000000001,Colorado
2016-05-17,10.1,Colorado
2016-05-24,5.95,Colorado
2016-05-31,0.0,Colorado
2016-06-07,0.0,Colorado
2016-06-14,0.0,Colorado
2016-06-21,0.0,Colorado
2016-06-28,0.0,Colorado
2016-12-06,2.4,Colorado
2016-12-13,3.7,Colorado
2016-12-20,5.8,Colorado
2016-12-27,7.0,Colorado
2017-01-03,7.5,Colorado
2017-01-10,11.0,Colorado
2017-01-17,12.3,Colorado
2017-01-24,13.6,Colorado
2017-01-31,13.8,Colorado
2017-02-07,14.0,Colorado
2017-02-14,15.1,Colorado
2017-02-21,15.7,Colorado
2017-02-28,16.5,Colorado
2017-03-07,17.0,Colorado
2017-03-14,16.9,Colorado
2017-03-21,15.8,Colorado
2017-03-28,16.7,Colorado
2017-04-04,17.1,Colorado
2017-04-11,17.3,Colorado
2017-04-18,14.1,Colorado
2017-04-25,13.0,Colorado
2017-05-02,14.0,Colorado
2017-05-09,10.1,Colorado
2017-05-16,5.4,Colorado
2017-05-23,5.2,Colorado
2017-05-30,0.0,Colorado
2017-06-06,0.0,Colorado
2017-06-13,0.0,Colorado
2017-06-20,0.0,Colorado
2017-06-27,0.0,Colorado
2017-12-05,2.1,Colorado
2017-12-12,2.3,Colorado
2017-12-19,2.4,Colorado
2017-12-26,3.5,Colorado
2018-01-02,3.5,Colorado
2018-01-09,3.8,Colorado
2018-01-16,4.4,Colorado
2018-01-23,5.1,Colorado
2018-01-30,5.4,Colorado
2018-02-06,5.6,Colorado
2018-02-13,6.9,Colorado
2018-02-20,8.1,Colorado
2018-02-27,8.7,Colorado
2018-03-06,8.7,Colorado
2018-03-13,8.9,Colorado
2018-03-20,9.6,Colorado
2018-03-27,10.1,Colorado
2018-04-03,10.6,Colorado
2018-04-10,11.2,Colorado
2018-04-17,10.4,Colorado
2018-04-24,9.0,Colorado
2018-05-01,5.0,Colorado
2018-05-08,3.2,Colorado
2018-05-15,0.0,Colorado
2018-05-22,0.0,Colorado
2018-05-29,0.0,Colorado
2018-06-05,0.0,Colorado
2018-06-12,0.0,Colorado
2018-06-19,0.0,Colorado
2018-06-26,0.0,Colorado
2018-12-04,4.2,Colorado
2018-12-11,4.7,Colorado
2018-12-18,4.8,Colorado
2018-12-25,5.4,Colorado
2019-01-01,5.9,Colorado
2019-01-08,6.8,Colorado
2019-01-15,7.0,Colorado
2019-01-22,9.1,Colorado
2019-01-29,9.4,Colorado
2019-02-05,10.2,Colorado
2019-02-12,10.9,Colorado
2019-02-19,12.4,Colorado
2019-02-26,13.4,Colorado
2019-03-05,15.7,Colorado
2019-03-12,18.1,Colorado
2019-03-19,19.7,Colorado
2019-03-26,20.5,Colorado
2019-04-02,20.4,Colorado
2019-04-09,19.7,Colorado
2019-04-16,19.7,Colorado
2019-04-23,17.3,Colorado
2019-04-30,16.4,Colorado
2019-05-07,15.7,Colorado
2019-05-14,14.0,Colorado
2019-05-21,12.4,Colorado
2019-05-28,12.2,Colorado
2019-06-04,8.3,Colorado
2019-06-11,0.3,Colorado
2019-06-18,0.0,Colorado
2019-06-25,0.0,Colorado
2019-12-03,4.3,Colorado
2019-12-10,5.2,Colorado
2019-12-17,6.5,Colorado
2019-12-24,6.6,Colorado
2019-12-31,7.2,Colorado
2020-01-07,7.9,Colorado
2020-01-14,8.4,Colorado
2020-01-21,9.0,Colorado
2020-01-28,9.6,Colorado
2020-02-04,9.8,Colorado
2020-02-11,11.0,Colorado
2020-02-18,12.0,Colorado
2020-02-25,12.6,Colorado
2020-03-03,13.0,Colorado
2020-03-10,12.8,Colorado
2020-03-17,13.8,Colorado
2020-03-24,15.0,Colorado
2020-03-31,15.6,Colorado
2020-04-07,15.4,Colorado
2020-04-14,14.9,Colorado
2020-04-21,15.5,Colorado
2020-04-28,14.6,Colorado
2020-05-05,9.8,Colorado
2020-05-12,4.4,Colorado
2020-05-19,0.1,Colorado
2020-05-26,0.0,Colorado
2020-06-02,0.0,Colorado
2020-06-09,0.0,Colorado
2020-06-16,0.0,Colorado
2020-06-23,0.0,Colorado
2020-06-30,0.0,Colorado
2020-12-01,2.8,Colorado
2020-12-08,3.1,Colorado
2020-12-15,3.7,Colorado
2020-12-22,4.1,Colorado
2020-12-29,5.0,Colorado
2021-01-05,5.3,Colorado
2021-01-12,5.5,Colorado
2021-01-19,5.7,Colorado
2021-01-26,6.6,Colorado
2021-02-02,7.1,Colorado
2021-02-09,8.3,Colorado
2021-02-16,9.5,Colorado
2021-02-23,10.0,Colorado
2021-03-02,10.1,Colorado
2021-03-09,10.6,Colorado
2021-03-16,12.1,Colorado
2021-03-23,12.6,Colorado
2021-03-30,13.4,Colorado
2021-04-06,12.6,Colorado
2021-04-13,11.4,Colorado
2021-04-20,11.9,Colorado
2021-04-27,10.3,Colorado
2021-05-04,8.5,Colorado
2021-05-11,6.1,Colorado
2021-05-18,1.6,Colorado
2021-05-25,0.0,Colorado
2021-06-01,0.0,Colorado
2021-06-08,0.0,Colorado
2021-06-15,0.0,Colorado
2021-06-22,0.0,Colorado
2021-06-29,0.0,Colorado
2013-01-01,5.3,Montana
2013-01-08,5.7,Montana
2013-01-15,6.3,Montana
2013-01-22,6.4,Montana
2013-01-29,6.6,Montana
2013-02-05,7.9,Montana
2013-02-12,7.9,Montana
2013-02-19,8.6,Montana
2013-02-26,9.0,Montana
2013-03-05,9.4,Montana
2013-03-12,9.8,Montana
2013-03-19,10.1,Montana
2013-03-26,10.5,Montana
2013-04-02,9.7,Montana
2013-04-09,10.3,Montana
2013-04-16,10.9,Montana
2013-04-23,10.8,Montana
2013-04-30,9.2,Montana
2013-05-07,6.9,Montana
2013-05-14,0.0,Montana
2013-05-21,0.0,Montana
2013-05-28,0.0,Montana
2013-06-04,0.0,Montana
2013-06-11,0.0,Montana
2013-06-18,0.0,Montana
2013-06-25,0.0,Montana
2013-12-03,4.3,Montana
2013-12-10,4.6,Montana
2013-12-17,4.9,Montana
2013-12-24,5.8,Montana
2013-12-31,6.0,Montana
2014-01-07,6.9,Montana
2014-01-14,8.2,Montana
2014-01-21,8.3,Montana
2014-01-28,8.6,Montana
2014-02-04,9.8,Montana
2014-02-11,10.3,Montana
2014-02-18,11.3,Montana
2014-02-25,12.9,Montana
2014-03-04,14.4,Montana
2014-03-11,16.0,Montana
2014-03-18,16.7,Montana
2014-03-25,17.0,Montana
2014-04-01,17.9,Montana
2014-04-08,18.2,Montana
2014-04-15,17.9,Montana
2014-04-22,17.1,Montana
2014-04-29,16.9,Montana
2014-05-06,14.1,Montana
2014-05-13,13.8,Montana
2014-05-20,9.6,Montana
2014-05-27,0.0,Montana
2014-06-03,0.0,Montana
2014-06-10,0.0,Montana
2014-06-17,0.0,Montana
2014-06-24,0.0,Montana
2014-12-02,3.4,Montana
2014-12-09,3.7,Montana
2014-12-16,4.0,Montana
2014-12-23,5.2,Montana
2014-12-30,6.3,Montana
2015-01-06,7.8,Montana
2015-01-13,7.9,Montana
2015-01-20,8.3,Montana
2015-01-27,8.5,Montana
2015-02-03,8.7,Montana
2015-02-10,9.2,Montana
2015-02-17,9.2,Montana
2015-02-24,9.7,Montana
2015-03-03,10.0,Montana
2015-03-10,10.0,Montana
2015-03-17,9.2,Montana
2015-03-24,9.2,Montana
2015-03-31,8.5,Montana
2015-04-07,8.9,Montana
2015-04-14,8.1,Montana
2015-04-21,7.3,Montana
2015-04-28,5.3,Montana
2015-05-05,0.0,Montana
2015-05-12,0.0,Montana
2015-05-19,0.0,Montana
2015-05-26,0.0,Montana
2015-06-02,0.0,Montana
2015-06-09,0.0,Montana
2015-06-16,0.0,Montana
2015-06-23,0.0,Montana
2015-06-30,0.0,Montana
2015-12-01,2.2,Montana
2015-12-08,3.1,Montana
2015-12-15,4.2,Montana
2015-12-22,5.5,Montana
2015-12-29,5.8,Montana
2016-01-05,6.0,Montana
2016-01-12,6.2,Montana
2016-01-19,6.9,Montana
2016-01-26,7.3,Montana
2016-02-02,8.1,Montana
2016-02-09,8.4,Montana
2016-02-16,8.9,Montana
2016-02-23,9.1,Montana
2016-03-01,9.4,Montana
2016-03-08,9.8,Montana
2016-03-15,10.7,Montana
2016-03-22,10.8,Montana
2016-03-29,12.1,Montana
2016-04-05,11.4,Montana
2016-04-12,9.7,Montana
2016-04-19,9.4,Montana
2016-04-26,6.0,Montana
2016-05-03,4.7,Montana
2016-05-10,0.9,Montana
2016-05-17,0.0,Montana
2016-05-24,0.0,Montana
2016-05-31,0.0,Montana
2016-06-07,0.0,Montana
2016-06-14,0.0,Montana
2016-06-21,0.0,Montana
2016-06-28,0.0,Montana
2016-12-06,1.7,Montana
2016-12-13,2.4,Montana
2016-12-20,3.6,Montana
2016-12-27,4.2,Montana
2017-01-03,4.8,Montana
2017-01-10,5.8,Montana
2017-01-17,6.1,Montana
2017-01-24,6.3,Montana
2017-01-31,6.35,Montana
2017-02-07,8.2,Montana
2017-02-14,9.3,Montana
2017-02-21,9.5,Montana
2017-02-28,10.8,Montana
2017-03-07,11.9,Montana
2017-03-14,12.6,Montana
2017-03-21,11.7,Montana
2017-03-28,12.0,Montana
2017-04-04,12.3,Montana
2017-04-11,12.4,Montana
2017-04-18,12.0,Montana
2017-04-25,10.8,Montana
2017-05-02,10.0,Montana
2017-05-09,5.6,Montana
2017-05-16,2.0,Montana
2017-05-23,0.9,Montana
2017-05-30,0.0,Montana
2017-06-06,0.0,Montana
2017-06-13,0.0,Montana
2017-06-20,0.0,Montana
2017-06-27,0.0,Montana
2017-12-05,3.4,Montana
2017-12-12,3.4,Montana
2017-12-19,4.2,Montana
2017-12-26,5.4,Montana
2018-01-02,7.0,Montana
2018-01-09,7.3,Montana
2018-01-16,8.2,Montana
2018-01-23,9.2,Montana
2018-01-30,9.7,Montana
2018-02-06,10.7,Montana
2018-02-13,12.3,Montana
2018-02-20,13.8,Montana
2018-02-27,14.2,Montana
2018-03-06,15.1,Montana
2018-03-13,15.7,Montana
2018-03-20,16.4,Montana
2018-03-27,16.3,Montana
2018-04-03,16.9,Montana
2018-04-10,18.2,Montana
2018-04-17,19.2,Montana
2018-04-24,17.9,Montana
2018-05-01,15.3,Montana
2018-05-08,11.6,Montana
2018-05-15,8.4,Montana
2018-05-22,1.3,Montana
2018-05-29,0.0,Montana
2018-06-05,0.0,Montana
2018-06-12,0.0,Montana
2018-06-19,0.0,Montana
2018-06-26,0.0,Montana
2018-12-04,2.8499999999999996,Montana
2018-12-11,3.0,Montana
2018-12-18,3.5,Montana
2018-12-25,4.35,Montana
2019-01-01,4.95,Montana
2019-01-08,5.35,Montana
2019-01-15,5.6,Montana
2019-01-22,6.199999999999999,Montana
2019-01-29,6.95,Montana
2019-02-05,7.6,Montana
2019-02-12,8.2,Montana
2019-02-19,9.55,Montana
2019-02-26,10.5,Montana
2019-03-05,11.1,Montana
2019-03-12,11.45,Montana
2019-03-19,11.85,Montana
2019-03-26,11.7,Montana
2019-04-02,12.15,Montana
2019-04-09,12.3,Montana
2019-04-16,13.05,Montana
2019-04-23,11.9,Montana
2019-04-30,11.05,Montana
2019-05-07,9.65,Montana
2019-05-14,5.550000000000001,Montana
2019-05-21,2.45,Montana
2019-05-28,0.15,Montana
2019-06-04,0.0,Montana
2019-06-11,0.0,Montana
2019-06-18,0.0,Montana
2019-06-25,0.0,Montana
2019-12-03,3.3,Montana
2019-12-10,3.7,Montana
2019-12-17,4.449999999999999,Montana
2019-12-24,4.65,Montana
2019-12-31,4.8,Montana
2020-01-07,5.95,Montana
2020-01-14,6.95,Montana
2020-01-21,7.35,Montana
2020-01-28,7.699999999999999,Montana
2020-02-04,8.75,Montana
2020-02-11,10.45,Montana
2020-02-18,11.4,Montana
2020-02-25,11.65,Montana
2020-03-03,11.85,Montana
2020-03-10,12.45,Montana
2020-03-17,13.2,Montana
2020-03-24,13.399999999999999,Montana
2020-03-31,14.35,Montana
2020-04-07,15.399999999999999,Montana
2020-04-14,15.3,Montana
2020-04-21,14.25,Montana
2020-04-28,12.350000000000001,Montana
2020-05-05,9.350000000000001,Montana
2020-05-12,7.0,Montana
2020-05-19,3.85,Montana
2020-05-26,0.30000000000000004,Montana
2020-06-02,0.0,Montana
2020-06-09,0.0,Montana
2020-06-16,0.0,Montana
2020-06-23,0.0,Montana
2020-06-30,0.0,Montana
2020-12-01,2.9,Montana
2020-12-08,2.9,Montana
2020-12-15,3.2,Montana
2020-12-22,4.0,Montana
2020-12-29,4.4,Montana
2021-01-05,5.2,Montana
2021-01-12,5.1,Montana
2021-01-19,6.2,Montana
2021-01-26,6.2,Montana
2021-02-02,6.8,Montana
2021-02-09,8.7,Montana
2021-02-16,8.7,Montana
2021-02-23,9.8,Montana
2021-03-02,10.7,Montana
2021-03-09,11.1,Montana
2021-03-16,11.1,Montana
2021-03-23,11.2,Montana
2021-03-30,11.9,Montana
2021-04-06,10.7,Montana
2021-04-13,10.7,Montana
2021-04-20,10.4,Montana
2021-04-27,10.8,Montana
2021-05-04,7.4,Montana
2021-05-11,5.6,Montana
2021-05-18,0.2,Montana
2021-05-25,1.7,Montana
2021-06-01,0.0,Montana
2021-06-08,0.0,Montana
2021-06-15,0.0,Montana
2021-06-22,0.0,Montana
2021-06-29,0.0,Montana
2013-01-01,17.15,Washington
2013-01-08,18.450000000000003,Washington
2013-01-15,19.9,Washington
2013-01-22,19.95,Washington
2013-01-29,20.8,Washington
2013-02-05,22.6,Washington
2013-02-12,23.25,Washington
2013-02-19,23.6,Washington
2013-02-26,26.4,Washington
2013-03-05,27.200000000000003,Washington
2013-03-12,27.35,Washington
2013-03-19,27.75,Washington
2013-03-26,30.2,Washington
2013-04-02,28.5,Washington
2013-04-09,28.15,Washington
2013-04-16,29.35,Washington
2013-04-23,28.75,Washington
2013-04-30,26.299999999999997,Washington
2013-05-07,22.3,Washington
2013-05-14,14.8,Washington
2013-05-21,10.0,Washington
2013-05-28,6.5,Washington
2013-06-04,0.0,Washington
2013-06-11,0.0,Washington
2013-06-18,0.0,Washington
2013-06-25,0.0,Washington
2013-12-03,3.1,Washington
2013-12-10,3.1,Washington
2013-12-17,3.3,Washington
2013-12-24,4.2,Washington
2013-12-31,4.4,Washington
2014-01-07,4.4,Washington
2014-01-14,9.3,Washington
2014-01-21,9.0,Washington
2014-01-28,9.1,Washington
2014-02-04,10.7,Washington
2014-02-11,12.4,Washington
2014-02-18,17.7,Washington
2014-02-25,22.2,Washington
2014-03-04,23.9,Washington
2014-03-11,24.3,Washington
2014-03-18,25.3,Washington
2014-03-25,25.6,Washington
2014-04-01,26.7,Washington
2014-04-08,26.8,Washington
2014-04-15,24.3,Washington
2014-04-22,22.9,Washington
2014-04-29,24.4,Washington
2014-05-06,19.3,Washington
2014-05-13,16.0,Washington
2014-05-20,8.7,Washington
2014-05-27,0.0,Washington
2014-06-03,0.0,Washington
2014-06-10,0.0,Washington
2014-06-17,0.0,Washington
2014-06-24,0.0,Washington
2014-12-02,1.6,Washington
2014-12-09,1.95,Washington
2014-12-16,1.55,Washington
2014-12-23,3.3,Washington
2014-12-30,4.75,Washington
2015-01-06,5.449999999999999,Washington
2015-01-13,5.35,Washington
2015-01-20,6.75,Washington
2015-01-27,6.15,Washington
2015-02-03,6.4,Washington
2015-02-10,5.35,Washington
2015-02-17,4.65,Washington
2015-02-24,4.6,Washington
2015-03-03,4.75,Washington
2015-03-10,4.45,Washington
2015-03-17,3.95,Washington
2015-03-24,2.95,Washington
2015-03-31,0.7,Washington
2015-04-07,1.5,Washington
2015-04-14,1.7,Washington
2015-04-21,0.0,Washington
2015-04-28,0.0,Washington
2015-05-05,0.0,Washington
2015-05-12,0.0,Washington
2015-05-19,0.0,Washington
2015-05-26,0.0,Washington
2015-06-02,0.0,Washington
2015-06-09,0.0,Washington
2015-06-16,0.0,Washington
2015-06-23,0.0,Washington
2015-06-30,0.0,Washington
2015-12-01,1.85,Washington
2015-12-08,5.6,Washington
2015-12-15,7.1,Washington
2015-12-22,12.850000000000001,Washington
2015-12-29,15.45,Washington
2016-01-05,16.0,Washington
2016-01-12,16.4,Washington
2016-01-19,18.85,Washington
2016-01-26,20.4,Washington
2016-02-02,21.6,Washington
2016-02-09,23.05,Washington
2016-02-16,23.8,Washington
2016-02-23,25.25,Washington
2016-03-01,25.55,Washington
2016-03-08,26.5,Washington
2016-03-15,30.15,Washington
2016-03-22,30.3,Washington
2016-03-29,31.4,Washington
2016-04-05,30.05,Washington
2016-04-12,26.35,Washington
2016-04-19,23.950000000000003,Washington
2016-04-26,18.0,Washington
2016-05-03,12.65,Washington
2016-05-10,4.75,Washington
2016-05-17,0.0,Washington
2016-05-24,0.0,Washington
2016-05-31,0.0,Washington
2016-06-07,0.0,Washington
2016-06-14,0.0,Washington
2016-06-21,0.0,Washington
2016-06-28,0.0,Washington
2016-12-06,5.8,Washington
2016-12-13,7.9,Washington
2016-12-20,9.0,Washington
2016-12-27,10.3,Washington
2017-01-03,12.3,Washington
2017-01-10,13.45,Washington
2017-01-17,14.3,Washington
2017-01-24,16.15,Washington
2017-01-31,16.5,Washington
2017-02-07,20.549999999999997,Washington
2017-02-14,22.6,Washington
2017-02-21,23.35,Washington
2017-02-28,24.75,Washington
2017-03-07,27.1,Washington
2017-03-14,29.2,Washington
2017-03-21,28.75,Washington
2017-03-28,30.75,Washington
2017-04-04,31.85,Washington
2017-04-11,31.45,Washington
2017-04-18,31.7,Washington
2017-04-25,30.2,Washington
2017-05-02,28.7,Washington
2017-05-09,23.6,Washington
2017-05-16,20.2,Washington
2017-05-23,15.9,Washington
2017-05-30,6.4,Washington
2017-06-06,0.0,Washington
2017-06-13,0.0,Washington
2017-06-20,0.0,Washington
2017-06-27,0.0,Washington
2017-12-05,5.8,Washington
2017-12-12,5.3,Washington
2017-12-19,6.7,Washington
2017-12-26,8.6,Washington
2018-01-02,11.0,Washington
2018-01-09,11.4,Washington
2018-01-16,12.2,Washington
2018-01-23,15.1,Washington
2018-01-30,20.0,Washington
2018-02-06,19.8,Washington
2018-02-13,19.1,Washington
2018-02-20,24.0,Washington
2018-02-27,27.1,Washington
2018-03-06,28.1,Washington
2018-03-13,29.0,Washington
2018-03-20,29.6,Washington
2018-03-27,31.4,Washington
2018-04-03,31.5,Washington
2018-04-10,31.0,Washington
2018-04-17,30.8,Washington
2018-04-24,28.9,Washington
2018-05-01,24.2,Washington
2018-05-08,20.0,Washington
2018-05-15,10.1,Washington
2018-05-22,1.0,Washington
2018-05-29,0.0,Washington
2018-06-05,0.0,Washington
2018-06-12,0.0,Washington
2018-06-19,0.0,Washington
2018-06-26,0.0,Washington
2018-12-04,1.8,Washington
2018-12-11,2.6,Washington
2018-12-18,6.35,Washington
2018-12-25,8.850000000000001,Washington
2019-01-01,10.3,Washington
2019-01-08,12.15,Washington
2019-01-15,12.350000000000001,Washington
2019-01-22,13.9,Washington
2019-01-29,14.4,Washington
2019-02-05,14.649999999999999,Washington
2019-02-12,17.4,Washington
2019-02-19,19.9,Washington
2019-02-26,22.049999999999997,Washington
2019-03-05,21.75,Washington
2019-03-12,23.299999999999997,Washington
2019-03-19,24.15,Washington
2019-03-26,22.1,Washington
2019-04-02,21.45,Washington
2019-04-09,20.7,Washington
2019-04-16,21.700000000000003,Washington
2019-04-23,18.200000000000003,Washington
2019-04-30,16.05,Washington
2019-05-07,10.7,Washington
2019-05-14,1.6,Washington
2019-05-21,0.0,Washington
2019-05-28,0.0,Washington
2019-06-04,0.0,Washington
2019-06-11,0.0,Washington
2019-06-18,0.0,Washington
2019-06-25,0.0,Washington
2019-12-03,1.2,Washington
2019-12-10,0.95,Washington
2019-12-17,2.75,Washington
2019-12-24,4.300000000000001,Washington
2019-12-31,4.6,Washington
2020-01-07,8.2,Washington
2020-01-14,13.95,Washington
2020-01-21,15.9,Washington
2020-01-28,19.3,Washington
2020-02-04,20.0,Washington
2020-02-11,23.25,Washington
2020-02-18,25.05,Washington
2020-02-25,25.9,Washington
2020-03-03,26.8,Washington
2020-03-10,27.2,Washington
2020-03-17,27.75,Washington
2020-03-24,27.15,Washington
2020-03-31,28.6,Washington
2020-04-07,29.1,Washington
2020-04-14,27.1,Washington
2020-04-21,24.4,Washington
2020-04-28,20.95,Washington
2020-05-05,17.5,Washington
2020-05-12,10.8,Washington
2020-05-19,6.5,Washington
2020-05-26,1.6,Washington
2020-06-02,0.0,Washington
2020-06-09,0.0,Washington
2020-06-16,0.0,Washington
2020-06-23,0.0,Washington
2020-06-30,0.0,Washington
2020-12-01,7.15,Washington
2020-12-08,7.15,Washington
2020-12-15,7.1,Washington
2020-12-22,10.9,Washington
2020-12-29,11.149999999999999,Washington
2021-01-05,15.6,Washington
2021-01-12,18.65,Washington
2021-01-19,18.049999999999997,Washington
2021-01-26,18.4,Washington
2021-02-02,18.5,Washington
2021-02-09,22.8,Washington
2021-02-16,25.95,Washington
2021-02-23,29.8,Washington
2021-03-02,35.1,Washington
2021-03-09,33.75,Washington
2021-03-16,35.55,Washington
2021-03-23,37.0,Washington
2021-03-30,38.9,Washington
2021-04-06,39.0,Washington
2021-04-13,39.5,Washington
2021-04-20,35.6,Washington
2021-04-27,31.6,Washington
2021-05-04,27.4,Washington
2021-05-11,22.7,Washington
2021-05-18,15.2,Washington
2021-05-25,11.600000000000001,Washington
2021-06-01,2.5,Washington
2021-06-08,0.0,Washington
2021-06-15,0.0,Washington
2021-06-22,0.0,Washington
2021-06-29,0.0,Washington
2013-01-01,5.1,Utah
2013-01-08,5.15,Utah
2013-01-15,5.6,Utah
2013-01-22,5.75,Utah
2013-01-29,6.65,Utah
2013-02-05,7.4,Utah
2013-02-12,7.95,Utah
2013-02-19,8.149999999999999,Utah
2013-02-26,9.05,Utah
2013-03-05,9.8,Utah
2013-03-12,10.350000000000001,Utah
2013-03-19,9.899999999999999,Utah
2013-03-26,10.5,Utah
2013-04-02,9.4,Utah
2013-04-09,8.4,Utah
2013-04-16,9.1,Utah
2013-04-23,9.1,Utah
2013-04-30,4.35,Utah
2013-05-07,0.4,Utah
2013-05-14,0.0,Utah
2013-05-21,0.0,Utah
2013-05-28,0.0,Utah
2013-06-04,0.0,Utah
2013-06-11,0.0,Utah
2013-06-18,0.0,Utah
2013-06-25,0.0,Utah
2013-12-03,2.3,Utah
2013-12-10,3.45,Utah
2013-12-17,3.55,Utah
2013-12-24,4.45,Utah
2013-12-31,4.5,Utah
2014-01-07,4.6,Utah
2014-01-14,5.25,Utah
2014-01-21,5.15,Utah
2014-01-28,5.1,Utah
2014-02-04,6.3,Utah
2014-02-11,8.25,Utah
2014-02-18,8.350000000000001,Utah
2014-02-25,8.35,Utah
2014-03-04,9.3,Utah
2014-03-11,10.2,Utah
2014-03-18,10.35,Utah
2014-03-25,9.850000000000001,Utah
2014-04-01,10.7,Utah
2014-04-08,11.2,Utah
2014-04-15,9.25,Utah
2014-04-22,5.0,Utah
2014-04-29,3.8,Utah
2014-05-06,0.0,Utah
2014-05-13,1.25,Utah
2014-05-20,0.0,Utah
2014-05-27,0.0,Utah
2014-06-03,0.0,Utah
2014-06-10,0.0,Utah
2014-06-17,0.0,Utah
2014-06-24,0.0,Utah
2014-12-02,2.0,Utah
2014-12-09,2.2,Utah
2014-12-16,2.8,Utah
2014-12-23,4.45,Utah
2014-12-30,5.5,Utah
2015-01-06,5.65,Utah
2015-01-13,6.25,Utah
2015-01-20,6.4,Utah
2015-01-27,6.4,Utah
2015-02-03,6.85,Utah
2015-02-10,6.8,Utah
2015-02-17,6.75,Utah
2015-02-24,7.05,Utah
2015-03-03,8.649999999999999,Utah
2015-03-10,8.95,Utah
2015-03-17,8.3,Utah
2015-03-24,6.800000000000001,Utah
2015-03-31,4.7,Utah
2015-04-07,2.8,Utah
2015-04-14,0.9,Utah
2015-04-21,0.6,Utah
2015-04-28,0.05,Utah
2015-05-05,0.0,Utah
2015-05-12,0.0,Utah
2015-05-19,0.0,Utah
2015-05-26,0.0,Utah
2015-06-02,0.0,Utah
2015-06-09,0.0,Utah
2015-06-16,0.0,Utah
2015-06-23,0.0,Utah
2015-06-30,0.0,Utah
2015-12-01,2.2,Utah
2015-12-08,2.4,Utah
2015-12-15,3.5,Utah
2015-12-22,4.6,Utah
2015-12-29,6.2,Utah
2016-01-05,6.3,Utah
2016-01-12,7.0,Utah
2016-01-19,7.4,Utah
2016-01-26,8.2,Utah
2016-02-02,9.7,Utah
2016-02-09,9.7,Utah
2016-02-16,9.7,Utah
2016-02-23,10.2,Utah
2016-03-01,10.3,Utah
2016-03-08,10.5,Utah
2016-03-15,10.8,Utah
2016-03-22,10.3,Utah
2016-03-29,11.5,Utah
2016-04-05,11.6,Utah
2016-04-12,8.2,Utah
2016-04-19,6.6,Utah
2016-04-26,4.1,Utah
2016-05-03,4.1,Utah
2016-05-10,0.7,Utah
2016-05-17,0.0,Utah
2016-05-24,0.0,Utah
2016-05-31,0.0,Utah
2016-06-07,0.0,Utah
2016-06-14,0.0,Utah
2016-06-21,0.0,Utah
2016-06-28,0.0,Utah
2016-12-06,2.3,Utah
2016-12-13,3.5,Utah
2016-12-20,5.2,Utah
2016-12-27,6.6,Utah
2017-01-03,7.1,Utah
2017-01-10,9.6,Utah
2017-01-17,10.9,Utah
2017-01-24,12.8,Utah
2017-01-31,13.0,Utah
2017-02-07,13.1,Utah
2017-02-14,13.5,Utah
2017-02-21,14.1,Utah
2017-02-28,15.5,Utah
2017-03-07,16.8,Utah
2017-03-14,15.9,Utah
2017-03-21,12.5,Utah
2017-03-28,13.4,Utah
2017-04-04,14.6,Utah
2017-04-11,13.9,Utah
2017-04-18,8.4,Utah
2017-04-25,5.9,Utah
2017-05-02,6.9,Utah
2017-05-09,0.0,Utah
2017-05-16,0.0,Utah
2017-05-23,0.0,Utah
2017-05-30,0.0,Utah
2017-06-06,0.0,Utah
2017-06-13,0.0,Utah
2017-06-20,0.0,Utah
2017-06-27,0.0,Utah
2017-12-05,0.4,Utah
2017-12-12,0.3,Utah
2017-12-19,0.5,Utah
2017-12-26,1.6,Utah
2018-01-02,1.6,Utah
2018-01-09,2.1,Utah
2018-01-16,3.1,Utah
2018-01-23,3.7,Utah
2018-01-30,4.0,Utah
2018-02-06,4.0,Utah
2018-02-13,4.2,Utah
2018-02-20,5.3,Utah
2018-02-27,5.9,Utah
2018-03-06,6.6,Utah
2018-03-13,6.3,Utah
2018-03-20,7.6,Utah
2018-03-27,8.2,Utah
2018-04-03,7.4,Utah
2018-04-10,6.1,Utah
2018-04-17,3.5,Utah
2018-04-24,0.2,Utah
2018-05-01,0.0,Utah
2018-05-08,0.0,Utah
2018-05-15,0.0,Utah
2018-05-22,0.0,Utah
2018-05-29,0.0,Utah
2018-06-05,0.0,Utah
2018-06-12,0.0,Utah
2018-06-19,0.0,Utah
2018-06-26,0.0,Utah
2018-12-04,3.6,Utah
2018-12-11,3.6,Utah
2018-12-18,3.9,Utah
2018-12-25,4.2,Utah
2019-01-01,4.8,Utah
2019-01-08,5.7,Utah
2019-01-15,5.6,Utah
2019-01-22,8.0,Utah
2019-01-29,8.1,Utah
2019-02-05,9.2,Utah
2019-02-12,10.8,Utah
2019-02-19,12.6,Utah
2019-02-26,13.1,Utah
2019-03-05,14.7,Utah
2019-03-12,16.5,Utah
2019-03-19,17.6,Utah
2019-03-26,17.7,Utah
2019-04-02,17.8,Utah
2019-04-09,16.7,Utah
2019-04-16,17.8,Utah
2019-04-23,16.0,Utah
2019-04-30,10.1,Utah
2019-05-07,7.8,Utah
2019-05-14,3.5,Utah
2019-05-21,0.9,Utah
2019-05-28,0.7,Utah
2019-06-04,0.0,Utah
2019-06-11,0.0,Utah
2019-06-18,0.0,Utah
2019-06-25,0.0,Utah
2019-12-03,3.9,Utah
2019-12-10,4.8,Utah
2019-12-17,5.7,Utah
2019-12-24,5.9,Utah
2019-12-31,6.9,Utah
2020-01-07,7.3,Utah
2020-01-14,7.9,Utah
2020-01-21,8.4,Utah
2020-01-28,9.1,Utah
2020-02-04,9.4,Utah
2020-02-11,10.4,Utah
2020-02-18,10.7,Utah
2020-02-25,11.2,Utah
2020-03-03,11.3,Utah
2020-03-10,11.3,Utah
2020-03-17,12.4,Utah
2020-03-24,12.9,Utah
2020-03-31,13.8,Utah
2020-04-07,13.5,Utah
2020-04-14,12.1,Utah
2020-04-21,12.0,Utah
2020-04-28,6.8,Utah
2020-05-05,0.0,Utah
2020-05-12,0.0,Utah
2020-05-19,0.0,Utah
2020-05-26,0.0,Utah
2020-06-02,0.0,Utah
2020-06-09,0.0,Utah
2020-06-16,0.0,Utah
2020-06-23,0.0,Utah
2020-06-30,0.0,Utah
2020-12-01,1.4,Utah
2020-12-08,1.4,Utah
2020-12-15,2.0,Utah
2020-12-22,2.6,Utah
2020-12-29,3.0,Utah
2021-01-05,3.3,Utah
2021-01-12,3.5,Utah
2021-01-19,3.5,Utah
2021-01-26,4.2,Utah
2021-02-02,4.9,Utah
2021-02-09,5.4,Utah
2021-02-16,7.0,Utah
2021-02-23,7.6,Utah
2021-03-02,8.0,Utah
2021-03-09,8.2,Utah
2021-03-16,9.5,Utah
2021-03-23,10.0,Utah
2021-03-30,10.6,Utah
2021-04-06,8.2,Utah
2021-04-13,6.2,Utah
2021-04-20,6.6,Utah
2021-04-27,3.9,Utah
2021-05-04,0.0,Utah
2021-05-11,0.0,Utah
2021-05-18,0.0,Utah
2021-05-25,0.0,Utah
2021-06-01,0.0,Utah
2021-06-08,0.0,Utah
2021-06-15,0.0,Utah
2021-06-22,0.0,Utah
2021-06-29,0.0,Utah
2013-01-01,6.1,Wyoming
2013-01-08,6.300000000000001,Wyoming
2013-01-15,6.75,Wyoming
2013-01-22,6.8,Wyoming
2013-01-29,7.4,Wyoming
2013-02-05,7.85,Wyoming
2013-02-12,8.0,Wyoming
2013-02-19,8.5,Wyoming
2013-02-26,8.9,Wyoming
2013-03-05,9.3,Wyoming
2013-03-12,9.6,Wyoming
2013-03-19,10.0,Wyoming
2013-03-26,10.8,Wyoming
2013-04-02,10.850000000000001,Wyoming
2013-04-09,11.25,Wyoming
2013-04-16,12.3,Wyoming
2013-04-23,13.6,Wyoming
2013-04-30,12.2,Wyoming
2013-05-07,11.649999999999999,Wyoming
2013-05-14,5.85,Wyoming
2013-05-21,1.9500000000000002,Wyoming
2013-05-28,0.0,Wyoming
2013-06-04,0.0,Wyoming
2013-06-11,0.0,Wyoming
2013-06-18,0.0,Wyoming
2013-06-25,0.0,Wyoming
2013-12-03,5.0,Wyoming
2013-12-10,5.2,Wyoming
2013-12-17,5.35,Wyoming
2013-12-24,5.95,Wyoming
2013-12-31,6.2,Wyoming
2014-01-07,6.75,Wyoming
2014-01-14,7.8,Wyoming
2014-01-21,7.75,Wyoming
2014-01-28,8.05,Wyoming
2014-02-04,9.05,Wyoming
2014-02-11,10.850000000000001,Wyoming
2014-02-18,12.8,Wyoming
2014-02-25,14.4,Wyoming
2014-03-04,15.6,Wyoming
2014-03-11,16.4,Wyoming
2014-03-18,17.5,Wyoming
2014-03-25,17.7,Wyoming
2014-04-01,19.1,Wyoming
2014-04-08,19.4,Wyoming
2014-04-15,19.299999999999997,Wyoming
2014-04-22,18.05,Wyoming
2014-04-29,17.4,Wyoming
2014-05-06,15.149999999999999,Wyoming
2014-05-13,15.8,Wyoming
2014-05-20,12.5,Wyoming
2014-05-27,5.15,Wyoming
2014-06-03,0.0,Wyoming
2014-06-10,0.0,Wyoming
2014-06-17,0.0,Wyoming
2014-06-24,0.0,Wyoming
2014-12-02,3.9,Wyoming
2014-12-09,3.9,Wyoming
2014-12-16,4.5,Wyoming
2014-12-23,5.5,Wyoming
2014-12-30,6.3,Wyoming
2015-01-06,7.2,Wyoming
2015-01-13,7.5,Wyoming
2015-01-20,7.8,Wyoming
2015-01-27,8.4,Wyoming
2015-02-03,8.6,Wyoming
2015-02-10,9.5,Wyoming
2015-02-17,9.5,Wyoming
2015-02-24,9.8,Wyoming
2015-03-03,10.3,Wyoming
2015-03-10,10.6,Wyoming
2015-03-17,10.3,Wyoming
2015-03-24,10.4,Wyoming
2015-03-31,9.9,Wyoming
2015-04-07,9.8,Wyoming
2015-04-14,10.4,Wyoming
2015-04-21,9.8,Wyoming
2015-04-28,8.1,Wyoming
2015-05-05,3.0,Wyoming
2015-05-12,2.8,Wyoming
2015-05-19,1.8,Wyoming
2015-05-26,0.2,Wyoming
2015-06-02,0.0,Wyoming
2015-06-09,0.0,Wyoming
2015-06-16,0.0,Wyoming
2015-06-23,0.0,Wyoming
2015-06-30,0.0,Wyoming
2015-12-01,2.3499999999999996,Wyoming
2015-12-08,2.75,Wyoming
2015-12-15,3.5,Wyoming
2015-12-22,4.5,Wyoming
2015-12-29,4.9,Wyoming
2016-01-05,5.15,Wyoming
2016-01-12,5.35,Wyoming
2016-01-19,6.0,Wyoming
2016-01-26,6.3,Wyoming
2016-02-02,7.2,Wyoming
2016-02-09,7.5,Wyoming
2016-02-16,8.7,Wyoming
2016-02-23,9.05,Wyoming
2016-03-01,9.0,Wyoming
2016-03-08,9.6,Wyoming
2016-03-15,10.35,Wyoming
2016-03-22,10.8,Wyoming
2016-03-29,12.95,Wyoming
2016-04-05,13.15,Wyoming
2016-04-12,11.2,Wyoming
2016-04-19,10.55,Wyoming
2016-04-26,10.850000000000001,Wyoming
2016-05-03,11.55,Wyoming
2016-05-10,8.9,Wyoming
2016-05-17,7.8,Wyoming
2016-05-24,3.0,Wyoming
2016-05-31,0.0,Wyoming
2016-06-07,0.0,Wyoming
2016-06-14,0.0,Wyoming
2016-06-21,0.0,Wyoming
2016-06-28,0.0,Wyoming
2016-12-06,2.6,Wyoming
2016-12-13,4.2,Wyoming
2016-12-20,6.3,Wyoming
2016-12-27,7.0,Wyoming
2017-01-03,7.7,Wyoming
2017-01-10,9.9,Wyoming
2017-01-17,11.5,Wyoming
2017-01-24,12.2,Wyoming
2017-01-31,12.3,Wyoming
2017-02-07,14.0,Wyoming
2017-02-14,16.1,Wyoming
2017-02-21,17.2,Wyoming
2017-02-28,18.8,Wyoming
2017-03-07,19.4,Wyoming
2017-03-14,19.8,Wyoming
2017-03-21,19.0,Wyoming
2017-03-28,19.1,Wyoming
2017-04-04,19.3,Wyoming
2017-04-11,19.8,Wyoming
2017-04-18,18.5,Wyoming
2017-04-25,18.6,Wyoming
2017-05-02,20.3,Wyoming
2017-05-09,16.2,Wyoming
2017-05-16,10.9,Wyoming
2017-05-23,11.5,Wyoming
2017-05-30,7.0,Wyoming
2017-06-06,0.0,Wyoming
2017-06-13,0.0,Wyoming
2017-06-20,0.0,Wyoming
2017-06-27,0.0,Wyoming
2017-12-05,4.5,Wyoming
2017-12-12,4.7,Wyoming
2017-12-19,4.9,Wyoming
2017-12-26,5.9,Wyoming
2018-01-02,6.5,Wyoming
2018-01-09,6.8,Wyoming
2018-01-16,8.0,Wyoming
2018-01-23,8.3,Wyoming
2018-01-30,8.8,Wyoming
2018-02-06,10.1,Wyoming
2018-02-13,10.3,Wyoming
2018-02-20,11.7,Wyoming
2018-02-27,12.3,Wyoming
2018-03-06,12.7,Wyoming
2018-03-13,13.1,Wyoming
2018-03-20,13.5,Wyoming
2018-03-27,14.3,Wyoming
2018-04-03,15.2,Wyoming
2018-04-10,16.4,Wyoming
2018-04-17,16.6,Wyoming
2018-04-24,14.7,Wyoming
2018-05-01,11.45,Wyoming
2018-05-08,8.4,Wyoming
2018-05-15,4.55,Wyoming
2018-05-22,0.0,Wyoming
2018-05-29,0.0,Wyoming
2018-06-05,0.0,Wyoming
2018-06-12,0.0,Wyoming
2018-06-19,0.0,Wyoming
2018-06-26,0.0,Wyoming
2018-12-04,3.9,Wyoming
2018-12-11,4.2,Wyoming
2018-12-18,4.45,Wyoming
2018-12-25,4.8,Wyoming
2019-01-01,5.300000000000001,Wyoming
2019-01-08,5.95,Wyoming
2019-01-15,6.2,Wyoming
2019-01-22,7.45,Wyoming
2019-01-29,8.05,Wyoming
2019-02-05,8.8,Wyoming
2019-02-12,9.25,Wyoming
2019-02-19,10.55,Wyoming
2019-02-26,11.1,Wyoming
2019-03-05,11.4,Wyoming
2019-03-12,12.75,Wyoming
2019-03-19,13.1,Wyoming
2019-03-26,13.2,Wyoming
2019-04-02,13.95,Wyoming
2019-04-09,14.3,Wyoming
2019-04-16,15.05,Wyoming
2019-04-23,13.7,Wyoming
2019-04-30,11.65,Wyoming
2019-05-07,10.15,Wyoming
2019-05-14,8.8,Wyoming
2019-05-21,6.0,Wyoming
2019-05-28,6.75,Wyoming
2019-06-04,1.2,Wyoming
2019-06-11,0.0,Wyoming
2019-06-18,0.0,Wyoming
2019-06-25,0.0,Wyoming
2019-12-03,4.5,Wyoming
2019-12-10,4.9,Wyoming
2019-12-17,5.6,Wyoming
2019-12-24,5.8,Wyoming
2019-12-31,6.1,Wyoming
2020-01-07,6.6,Wyoming
2020-01-14,7.6,Wyoming
2020-01-21,8.3,Wyoming
2020-01-28,8.9,Wyoming
2020-02-04,9.6,Wyoming
2020-02-11,10.9,Wyoming
2020-02-18,11.8,Wyoming
2020-02-25,12.2,Wyoming
2020-03-03,12.6,Wyoming
2020-03-10,12.8,Wyoming
2020-03-17,13.5,Wyoming
2020-03-24,13.9,Wyoming
2020-03-31,14.2,Wyoming
2020-04-07,14.9,Wyoming
2020-04-14,15.0,Wyoming
2020-04-21,15.5,Wyoming
2020-04-28,14.1,Wyoming
2020-05-05,10.8,Wyoming
2020-05-12,7.8,Wyoming
2020-05-19,2.0,Wyoming
2020-05-26,0.2,Wyoming
2020-06-02,0.0,Wyoming
2020-06-09,0.0,Wyoming
2020-06-16,0.0,Wyoming
2020-06-23,0.0,Wyoming
2020-06-30,0.0,Wyoming
2020-12-01,3.0,Wyoming
2020-12-08,3.2,Wyoming
2020-12-15,3.45,Wyoming
2020-12-22,4.3,Wyoming
2020-12-29,4.8,Wyoming
2021-01-05,5.1,Wyoming
2021-01-12,5.3,Wyoming
2021-01-19,5.8,Wyoming
2021-01-26,6.3,Wyoming
2021-02-02,6.7,Wyoming
2021-02-09,8.5,Wyoming
2021-02-16,9.5,Wyoming
2021-02-23,10.4,Wyoming
2021-03-02,10.7,Wyoming
2021-03-09,10.8,Wyoming
2021-03-16,11.6,Wyoming
2021-03-23,11.9,Wyoming
2021-03-30,13.2,Wyoming
2021-04-06,12.0,Wyoming
2021-04-13,12.8,Wyoming
2021-04-20,13.5,Wyoming
2021-04-27,13.5,Wyoming
2021-05-04,10.4,Wyoming
2021-05-11,8.8,Wyoming
2021-05-18,5.2,Wyoming
2021-05-25,0.2,Wyoming
2021-06-01,0.0,Wyoming
2021-06-08,0.0,Wyoming
2021-06-15,0.0,Wyoming
2021-06-22,0.0,Wyoming
2021-06-29,0.0,Wyoming
2013-01-01,8.399999999999999,Idaho
2013-01-08,8.7,Idaho
2013-01-15,10.0,Idaho
2013-01-22,10.149999999999999,Idaho
2013-01-29,11.15,Idaho
2013-02-05,11.55,Idaho
2013-02-12,12.3,Idaho
2013-02-19,12.85,Idaho
2013-02-26,13.6,Idaho
2013-03-05,14.05,Idaho
2013-03-12,14.65,Idaho
2013-03-19,14.45,Idaho
2013-03-26,15.7,Idaho
2013-04-02,14.600000000000001,Idaho
2013-04-09,14.1,Idaho
2013-04-16,14.0,Idaho
2013-04-23,13.55,Idaho
2013-04-30,9.6,Idaho
2013-05-07,5.949999999999999,Idaho
2013-05-14,0.0,Idaho
2013-05-21,0.0,Idaho
2013-05-28,0.0,Idaho
2013-06-04,0.0,Idaho
2013-06-11,0.0,Idaho
2013-06-18,0.0,Idaho
2013-06-25,0.0,Idaho
2013-12-03,3.7,Idaho
2013-12-10,3.95,Idaho
2013-12-17,4.2,Idaho
2013-12-24,5.35,Idaho
2013-12-31,5.5,Idaho
2014-01-07,5.6,Idaho
2014-01-14,7.8,Idaho
2014-01-21,7.8,Idaho
2014-01-28,7.8,Idaho
2014-02-04,9.350000000000001,Idaho
2014-02-11,11.149999999999999,Idaho
2014-02-18,13.65,Idaho
2014-02-25,15.55,Idaho
2014-03-04,17.1,Idaho
2014-03-11,17.6,Idaho
2014-03-18,17.799999999999997,Idaho
2014-03-25,17.9,Idaho
2014-04-01,19.1,Idaho
2014-04-08,19.5,Idaho
2014-04-15,17.3,Idaho
2014-04-22,14.3,Idaho
2014-04-29,15.5,Idaho
2014-05-06,12.3,Idaho
2014-05-13,9.399999999999999,Idaho
2014-05-20,4.300000000000001,Idaho
2014-05-27,0.0,Idaho
2014-06-03,0.0,Idaho
2014-06-10,0.0,Idaho
2014-06-17,0.0,Idaho
2014-06-24,0.0,Idaho
2014-12-02,3.7,Idaho
2014-12-09,4.3,Idaho
2014-12-16,4.449999999999999,Idaho
2014-12-23,6.55,Idaho
2014-12-30,7.7,Idaho
2015-01-06,9.3,Idaho
2015-01-13,9.350000000000001,Idaho
2015-01-20,10.45,Idaho
2015-01-27,10.3,Idaho
2015-02-03,10.65,Idaho
2015-02-10,11.0,Idaho
2015-02-17,10.850000000000001,Idaho
2015-02-24,11.0,Idaho
2015-03-03,11.2,Idaho
2015-03-10,11.15,Idaho
2015-03-17,10.6,Idaho
2015-03-24,9.75,Idaho
2015-03-31,9.0,Idaho
2015-04-07,8.55,Idaho
2015-04-14,8.0,Idaho
2015-04-21,6.85,Idaho
2015-04-28,4.2,Idaho
2015-05-05,0.1,Idaho
2015-05-12,0.0,Idaho
2015-05-19,0.0,Idaho
2015-05-26,0.0,Idaho
2015-06-02,0.0,Idaho
2015-06-09,0.0,Idaho
2015-06-16,0.0,Idaho
2015-06-23,0.0,Idaho
2015-06-30,0.0,Idaho
2015-12-01,2.9,Idaho
2015-12-08,4.2,Idaho
2015-12-15,6.45,Idaho
2015-12-22,8.85,Idaho
2015-12-29,9.75,Idaho
2016-01-05,9.95,Idaho
2016-01-12,10.15,Idaho
2016-01-19,12.5,Idaho
2016-01-26,13.75,Idaho
2016-02-02,15.55,Idaho
2016-02-09,16.05,Idaho
2016-02-16,16.75,Idaho
2016-02-23,16.8,Idaho
2016-03-01,16.75,Idaho
2016-03-08,16.75,Idaho
2016-03-15,18.45,Idaho
2016-03-22,19.25,Idaho
2016-03-29,20.450000000000003,Idaho
2016-04-05,18.75,Idaho
2016-04-12,16.450000000000003,Idaho
2016-04-19,15.25,Idaho
2016-04-26,11.45,Idaho
2016-05-03,8.05,Idaho
2016-05-10,1.9,Idaho
2016-05-17,0.0,Idaho
2016-05-24,0.0,Idaho
2016-05-31,0.0,Idaho
2016-06-07,0.0,Idaho
2016-06-14,0.0,Idaho
2016-06-21,0.0,Idaho
2016-06-28,0.0,Idaho
2016-12-06,2.6,Idaho
2016-12-13,4.75,Idaho
2016-12-20,6.1,Idaho
2016-12-27,7.300000000000001,Idaho
2017-01-03,7.75,Idaho
2017-01-10,10.15,Idaho
2017-01-17,10.9,Idaho
2017-01-24,12.9,Idaho
2017-01-31,13.4,Idaho
2017-02-07,15.85,Idaho
2017-02-14,17.0,Idaho
2017-02-21,20.5,Idaho
2017-02-28,21.55,Idaho
2017-03-07,22.7,Idaho
2017-03-14,24.2,Idaho
2017-03-21,22.15,Idaho
2017-03-28,22.75,Idaho
2017-04-04,23.35,Idaho
2017-04-11,23.049999999999997,Idaho
2017-04-18,23.65,Idaho
2017-04-25,23.45,Idaho
2017-05-02,22.45,Idaho
2017-05-09,16.549999999999997,Idaho
2017-05-16,12.5,Idaho
2017-05-23,9.5,Idaho
2017-05-30,2.05,Idaho
2017-06-06,0.0,Idaho
2017-06-13,0.0,Idaho
2017-06-20,0.0,Idaho
2017-06-27,0.0,Idaho
2017-12-05,4.1,Idaho
2017-12-12,4.25,Idaho
2017-12-19,4.699999999999999,Idaho
2017-12-26,5.7,Idaho
2018-01-02,6.1,Idaho
2018-01-09,6.5,Idaho
2018-01-16,8.45,Idaho
2018-01-23,9.05,Idaho
2018-01-30,10.65,Idaho
2018-02-06,10.8,Idaho
2018-02-13,10.3,Idaho
2018-02-20,12.399999999999999,Idaho
2018-02-27,13.6,Idaho
2018-03-06,15.55,Idaho
2018-03-13,15.8,Idaho
2018-03-20,16.8,Idaho
2018-03-27,17.0,Idaho
2018-04-03,16.9,Idaho
2018-04-10,18.3,Idaho
2018-04-17,18.8,Idaho
2018-04-24,15.5,Idaho
2018-05-01,11.4,Idaho
2018-05-08,6.1,Idaho
2018-05-15,3.5,Idaho
2018-05-22,0.0,Idaho
2018-05-29,0.0,Idaho
2018-06-05,0.0,Idaho
2018-06-12,0.0,Idaho
2018-06-19,0.0,Idaho
2018-06-26,0.0,Idaho
2018-12-04,3.3,Idaho
2018-12-11,3.5,Idaho
2018-12-18,4.6,Idaho
2018-12-25,5.6,Idaho
2019-01-01,6.5,Idaho
2019-01-08,7.6,Idaho
2019-01-15,8.0,Idaho
2019-01-22,10.3,Idaho
2019-01-29,10.95,Idaho
2019-02-05,12.8,Idaho
2019-02-12,13.95,Idaho
2019-02-19,16.15,Idaho
2019-02-26,17.950000000000003,Idaho
2019-03-05,19.25,Idaho
2019-03-12,20.2,Idaho
2019-03-19,20.6,Idaho
2019-03-26,20.7,Idaho
2019-04-02,21.0,Idaho
2019-04-09,20.9,Idaho
2019-04-16,22.0,Idaho
2019-04-23,19.3,Idaho
2019-04-30,15.7,Idaho
2019-05-07,13.5,Idaho
2019-05-14,8.6,Idaho
2019-05-21,5.0,Idaho
2019-05-28,1.2,Idaho
2019-06-04,0.0,Idaho
2019-06-11,0.0,Idaho
2019-06-18,0.0,Idaho
2019-06-25,0.0,Idaho
2019-12-03,2.75,Idaho
2019-12-10,3.3,Idaho
2019-12-17,4.550000000000001,Idaho
2019-12-24,5.0,Idaho
2019-12-31,5.35,Idaho
2020-01-07,7.35,Idaho
2020-01-14,9.9,Idaho
2020-01-21,10.8,Idaho
2020-01-28,12.5,Idaho
2020-02-04,13.55,Idaho
2020-02-11,15.15,Idaho
2020-02-18,15.95,Idaho
2020-02-25,16.25,Idaho
2020-03-03,16.4,Idaho
2020-03-10,17.0,Idaho
2020-03-17,17.6,Idaho
2020-03-24,17.700000000000003,Idaho
2020-03-31,19.35,Idaho
2020-04-07,20.65,Idaho
2020-04-14,19.049999999999997,Idaho
2020-04-21,16.9,Idaho
2020-04-28,13.899999999999999,Idaho
2020-05-05,8.95,Idaho
2020-05-12,2.35,Idaho
2020-05-19,0.0,Idaho
2020-05-26,0.0,Idaho
2020-06-02,0.0,Idaho
2020-06-09,0.0,Idaho
2020-06-16,0.0,Idaho
2020-06-23,0.0,Idaho
2020-06-30,0.0,Idaho
2020-12-01,3.3,Idaho
2020-12-08,3.3,Idaho
2020-12-15,3.8,Idaho
2020-12-22,5.199999999999999,Idaho
2020-12-29,5.949999999999999,Idaho
2021-01-05,7.75,Idaho
2021-01-12,8.05,Idaho
2021-01-19,9.15,Idaho
2021-01-26,9.399999999999999,Idaho
2021-02-02,10.3,Idaho
2021-02-09,12.9,Idaho
2021-02-16,14.5,Idaho
2021-02-23,16.75,Idaho
2021-03-02,18.05,Idaho
2021-03-09,18.299999999999997,Idaho
2021-03-16,18.2,Idaho
2021-03-23,18.6,Idaho
2021-03-30,19.0,Idaho
2021-04-06,17.2,Idaho
2021-04-13,15.600000000000001,Idaho
2021-04-20,13.55,Idaho
2021-04-27,12.45,Idaho
2021-05-04,6.65,Idaho
2021-05-11,1.35,Idaho
2021-05-18,0.0,Idaho
2021-05-25,0.0,Idaho
2021-06-01,0.0,Idaho
2021-06-08,0.0,Idaho
2021-06-15,0.0,Idaho
2021-06-22,0.0,Idaho
2021-06-29,0.0,Idaho
2013-01-01,3.0,New Mexico
2013-01-08,3.2,New Mexico
2013-01-15,3.1,New Mexico
2013-01-22,3.3,New Mexico
2013-01-29,4.1,New Mexico
2013-02-05,4.5,New Mexico
2013-02-12,4.7,New Mexico
2013-02-19,4.7,New Mexico
2013-02-26,6.1,New Mexico
2013-03-05,6.1,New Mexico
2013-03-12,7.4,New Mexico
2013-03-19,5.6,New Mexico
2013-03-26,5.0,New Mexico
2013-04-02,2.8,New Mexico
2013-04-09,0.0,New Mexico
2013-04-16,0.0,New Mexico
2013-04-23,0.0,New Mexico
2013-04-30,0.0,New Mexico
2013-05-07,0.0,New Mexico
2013-05-14,0.0,New Mexico
2013-05-21,0.0,New Mexico
2013-05-28,0.0,New Mexico
2013-06-04,0.0,New Mexico
2013-06-11,0.0,New Mexico
2013-06-18,0.0,New Mexico
2013-06-25,0.0,New Mexico
2013-12-03,2.25,New Mexico
2013-12-10,2.5,New Mexico
2013-12-17,2.8,New Mexico
2013-12-24,3.0,New Mexico
2013-12-31,3.0,New Mexico
2014-01-07,3.05,New Mexico
2014-01-14,3.0,New Mexico
2014-01-21,2.95,New Mexico
2014-01-28,2.75,New Mexico
2014-02-04,2.6500000000000004,New Mexico
2014-02-11,2.8499999999999996,New Mexico
2014-02-18,2.3,New Mexico
2014-02-25,1.4,New Mexico
2014-03-04,2.2,New Mexico
2014-03-11,2.45,New Mexico
2014-03-18,2.0999999999999996,New Mexico
2014-03-25,0.35,New Mexico
2014-04-01,0.0,New Mexico
2014-04-08,0.44999999999999996,New Mexico
2014-04-15,0.0,New Mexico
2014-04-22,0.0,New Mexico
2014-04-29,0.0,New Mexico
2014-05-06,0.0,New Mexico
2014-05-13,0.0,New Mexico
2014-05-20,0.0,New Mexico
2014-05-27,0.0,New Mexico
2014-06-03,0.0,New Mexico
2014-06-10,0.0,New Mexico
2014-06-17,0.0,New Mexico
2014-06-24,0.0,New Mexico
2014-12-02,1.2,New Mexico
2014-12-09,1.4,New Mexico
2014-12-16,1.7,New Mexico
2014-12-23,2.2,New Mexico
2014-12-30,2.45,New Mexico
2015-01-06,2.95,New Mexico
2015-01-13,3.3,New Mexico
2015-01-20,3.3,New Mexico
2015-01-27,3.75,New Mexico
2015-02-03,4.949999999999999,New Mexico
2015-02-10,4.6,New Mexico
2015-02-17,4.8,New Mexico
2015-02-24,5.75,New Mexico
2015-03-03,7.65,New Mexico
2015-03-10,8.1,New Mexico
2015-03-17,7.35,New Mexico
2015-03-24,6.85,New Mexico
2015-03-31,3.4,New Mexico
2015-04-07,0.0,New Mexico
2015-04-14,0.0,New Mexico
2015-04-21,0.0,New Mexico
2015-04-28,0.1,New Mexico
2015-05-05,0.0,New Mexico
2015-05-12,0.0,New Mexico
2015-05-19,0.0,New Mexico
2015-05-26,0.0,New Mexico
2015-06-02,0.0,New Mexico
2015-06-09,0.0,New Mexico
2015-06-16,0.0,New Mexico
2015-06-23,0.0,New Mexico
2015-06-30,0.0,New Mexico
2015-12-01,2.1,New Mexico
2015-12-08,2.1,New Mexico
2015-12-15,2.9,New Mexico
2015-12-22,3.4,New Mexico
2015-12-29,4.949999999999999,New Mexico
2016-01-05,5.25,New Mexico
2016-01-12,6.35,New Mexico
2016-01-19,6.5,New Mexico
2016-01-26,6.7,New Mexico
2016-02-02,7.949999999999999,New Mexico
2016-02-09,8.25,New Mexico
2016-02-16,8.2,New Mexico
2016-02-23,6.85,New Mexico
2016-03-01,6.45,New Mexico
2016-03-08,5.3,New Mexico
2016-03-15,4.9,New Mexico
2016-03-22,1.1,New Mexico
2016-03-29,1.35,New Mexico
2016-04-05,0.8,New Mexico
2016-04-12,0.0,New Mexico
2016-04-19,1.3,New Mexico
2016-04-26,0.0,New Mexico
2016-05-03,0.0,New Mexico
2016-05-10,0.0,New Mexico
2016-05-17,0.0,New Mexico
2016-05-24,0.0,New Mexico
2016-05-31,0.0,New Mexico
2016-06-07,0.0,New Mexico
2016-06-14,0.0,New Mexico
2016-06-21,0.0,New Mexico
2016-06-28,0.0,New Mexico
2016-12-06,1.3,New Mexico
2016-12-13,1.5499999999999998,New Mexico
2016-12-20,2.8499999999999996,New Mexico
2016-12-27,4.1,New Mexico
2017-01-03,4.5,New Mexico
2017-01-10,5.95,New Mexico
2017-01-17,6.6,New Mexico
2017-01-24,8.1,New Mexico
2017-01-31,8.45,New Mexico
2017-02-07,8.4,New Mexico
2017-02-14,8.5,New Mexico
2017-02-21,8.75,New Mexico
2017-02-28,8.899999999999999,New Mexico
2017-03-07,9.5,New Mexico
2017-03-14,8.45,New Mexico
2017-03-21,4.3,New Mexico
2017-03-28,4.05,New Mexico
2017-04-04,4.7,New Mexico
2017-04-11,4.3,New Mexico
2017-04-18,0.0,New Mexico
2017-04-25,0.0,New Mexico
2017-05-02,0.4,New Mexico
2017-05-09,0.0,New Mexico
2017-05-16,0.0,New Mexico
2017-05-23,0.0,New Mexico
2017-05-30,0.0,New Mexico
2017-06-06,0.0,New Mexico
2017-06-13,0.0,New Mexico
2017-06-20,0.0,New Mexico
2017-06-27,0.0,New Mexico
2017-12-05,0.0,New Mexico
2017-12-12,0.0,New Mexico
2017-12-19,0.05,New Mexico
2017-12-26,0.15,New Mexico
2018-01-02,0.0,New Mexico
2018-01-09,0.2,New Mexico
2018-01-16,0.45,New Mexico
2018-01-23,0.75,New Mexico
2018-01-30,0.75,New Mexico
2018-02-06,0.35,New Mexico
2018-02-13,0.7,New Mexico
2018-02-20,1.85,New Mexico
2018-02-27,2.35,New Mexico
2018-03-06,2.55,New Mexico
2018-03-13,1.05,New Mexico
2018-03-20,0.55,New Mexico
2018-03-27,0.0,New Mexico
2018-04-03,0.0,New Mexico
2018-04-10,0.0,New Mexico
2018-04-17,0.0,New Mexico
2018-04-24,0.0,New Mexico
2018-05-01,0.0,New Mexico
2018-05-08,0.0,New Mexico
2018-05-15,0.0,New Mexico
2018-05-22,0.0,New Mexico
2018-05-29,0.0,New Mexico
2018-06-05,0.0,New Mexico
2018-06-12,0.0,New Mexico
2018-06-19,0.0,New Mexico
2018-06-26,0.0,New Mexico
2018-12-04,2.35,New Mexico
2018-12-11,2.7,New Mexico
2018-12-18,2.8,New Mexico
2018-12-25,2.6,New Mexico
2019-01-01,4.0,New Mexico
2019-01-08,4.4,New Mexico
2019-01-15,5.050000000000001,New Mexico
2019-01-22,5.4,New Mexico
2019-01-29,5.5,New Mexico
2019-02-05,6.15,New Mexico
2019-02-12,6.75,New Mexico
2019-02-19,7.449999999999999,New Mexico
2019-02-26,9.05,New Mexico
2019-03-05,8.8,New Mexico
2019-03-12,9.55,New Mexico
2019-03-19,11.05,New Mexico
2019-03-26,11.45,New Mexico
2019-04-02,10.399999999999999,New Mexico
2019-04-09,8.25,New Mexico
2019-04-16,5.699999999999999,New Mexico
2019-04-23,0.6000000000000001,New Mexico
2019-04-30,0.0,New Mexico
2019-05-07,0.0,New Mexico
2019-05-14,0.0,New Mexico
2019-05-21,0.0,New Mexico
2019-05-28,0.0,New Mexico
2019-06-04,0.0,New Mexico
2019-06-11,0.0,New Mexico
2019-06-18,0.0,New Mexico
2019-06-25,0.0,New Mexico
2019-12-03,2.9,New Mexico
2019-12-10,3.9,New Mexico
2019-12-17,4.35,New Mexico
2019-12-24,4.55,New Mexico
2019-12-31,4.95,New Mexico
2020-01-07,5.1,New Mexico
2020-01-14,5.2,New Mexico
2020-01-21,5.85,New Mexico
2020-01-28,6.199999999999999,New Mexico
2020-02-04,6.35,New Mexico
2020-02-11,7.0,New Mexico
2020-02-18,7.3,New Mexico
2020-02-25,7.65,New Mexico
2020-03-03,7.55,New Mexico
2020-03-10,6.9,New Mexico
2020-03-17,6.0,New Mexico
2020-03-24,5.9,New Mexico
2020-03-31,5.05,New Mexico
2020-04-07,1.2999999999999998,New Mexico
2020-04-14,0.15,New Mexico
2020-04-21,0.0,New Mexico
2020-04-28,0.0,New Mexico
2020-05-05,0.0,New Mexico
2020-05-12,0.0,New Mexico
2020-05-19,0.0,New Mexico
2020-05-26,0.0,New Mexico
2020-06-02,0.0,New Mexico
2020-06-09,0.0,New Mexico
2020-06-16,0.0,New Mexico
2020-06-23,0.0,New Mexico
2020-06-30,0.0,New Mexico
2020-12-01,0.6,New Mexico
2020-12-08,0.8,New Mexico
2020-12-15,1.7,New Mexico
2020-12-22,1.9,New Mexico
2020-12-29,2.2,New Mexico
2021-01-05,2.4,New Mexico
2021-01-12,2.4,New Mexico
2021-01-19,2.4,New Mexico
2021-01-26,3.7,New Mexico
2021-02-02,4.6,New Mexico
2021-02-09,4.6,New Mexico
2021-02-16,5.1,New Mexico
2021-02-23,6.1,New Mexico
2021-03-02,6.1,New Mexico
2021-03-09,6.1,New Mexico
2021-03-16,7.2,New Mexico
2021-03-23,7.0,New Mexico
2021-03-30,7.9,New Mexico
2021-04-06,4.8,New Mexico
2021-04-13,0.0,New Mexico
2021-04-20,0.0,New Mexico
2021-04-27,0.0,New Mexico
2021-05-04,0.0,New Mexico
2021-05-11,0.0,New Mexico
2021-05-18,0.0,New Mexico
2021-05-25,0.0,New Mexico
2021-06-01,0.0,New Mexico
2021-06-08,0.0,New Mexico
2021-06-15,0.0,New Mexico
2021-06-22,0.0,New Mexico
2021-06-29,0.0,New Mexico
2013-01-01,3.7,Nevada
2013-01-08,3.8,Nevada
2013-01-15,4.6,Nevada
2013-01-22,4.7,Nevada
2013-01-29,6.0,Nevada
2013-02-05,6.8,Nevada
2013-02-12,7.5,Nevada
2013-02-19,7.5,Nevada
2013-02-26,8.2,Nevada
2013-03-05,8.5,Nevada
2013-03-12,9.0,Nevada
2013-03-19,8.5,Nevada
2013-03-26,8.4,Nevada
2013-04-02,8.6,Nevada
2013-04-09,8.2,Nevada
2013-04-16,6.4,Nevada
2013-04-23,5.1,Nevada
2013-04-30,0.0,Nevada
2013-05-07,0.0,Nevada
2013-05-14,0.0,Nevada
2013-05-21,0.0,Nevada
2013-05-28,0.0,Nevada
2013-06-04,0.0,Nevada
2013-06-11,0.0,Nevada
2013-06-18,0.0,Nevada
2013-06-25,0.0,Nevada
2013-12-03,1.1,Nevada
2013-12-10,1.95,Nevada
2013-12-17,2.05,Nevada
2013-12-24,2.75,Nevada
2013-12-31,2.6,Nevada
2014-01-07,2.6,Nevada
2014-01-14,3.3,Nevada
2014-01-21,3.3,Nevada
2014-01-28,3.3,Nevada
2014-02-04,4.5,Nevada
2014-02-11,6.7,Nevada
2014-02-18,7.2,Nevada
2014-02-25,7.4,Nevada
2014-03-04,9.1,Nevada
2014-03-11,9.6,Nevada
2014-03-18,9.35,Nevada
2014-03-25,8.75,Nevada
2014-04-01,9.7,Nevada
2014-04-08,9.899999999999999,Nevada
2014-04-15,5.9,Nevada
2014-04-22,0.5,Nevada
2014-04-29,1.2000000000000002,Nevada
2014-05-06,0.0,Nevada
2014-05-13,0.0,Nevada
2014-05-20,0.0,Nevada
2014-05-27,0.0,Nevada
2014-06-03,0.0,Nevada
2014-06-10,0.0,Nevada
2014-06-17,0.0,Nevada
2014-06-24,0.0,Nevada
2014-12-02,1.1,Nevada
2014-12-09,1.3,Nevada
2014-12-16,2.0,Nevada
2014-12-23,3.4,Nevada
2014-12-30,4.3,Nevada
2015-01-06,4.5,Nevada
2015-01-13,5.2,Nevada
2015-01-20,5.2,Nevada
2015-01-27,5.2,Nevada
2015-02-03,5.3,Nevada
2015-02-10,5.9,Nevada
2015-02-17,5.7,Nevada
2015-02-24,5.7,Nevada
2015-03-03,6.6,Nevada
2015-03-10,6.5,Nevada
2015-03-17,4.2,Nevada
2015-03-24,1.3,Nevada
2015-03-31,0.0,Nevada
2015-04-07,0.0,Nevada
2015-04-14,0.0,Nevada
2015-04-21,0.0,Nevada
2015-04-28,0.0,Nevada
2015-05-05,0.0,Nevada
2015-05-12,0.0,Nevada
2015-05-19,0.0,Nevada
2015-05-26,0.0,Nevada
2015-06-02,0.0,Nevada
2015-06-09,0.0,Nevada
2015-06-16,0.0,Nevada
2015-06-23,0.0,Nevada
2015-06-30,0.0,Nevada
2015-12-01,2.5,Nevada
2015-12-08,2.5,Nevada
2015-12-15,4.3,Nevada
2015-12-22,5.7,Nevada
2015-12-29,7.7,Nevada
2016-01-05,7.9,Nevada
2016-01-12,8.2,Nevada
2016-01-19,9.3,Nevada
2016-01-26,10.0,Nevada
2016-02-02,11.1,Nevada
2016-02-09,11.1,Nevada
2016-02-16,10.8,Nevada
2016-02-23,11.1,Nevada
2016-03-01,11.0,Nevada
2016-03-08,10.4,Nevada
2016-03-15,11.1,Nevada
2016-03-22,9.8,Nevada
2016-03-29,10.9,Nevada
2016-04-05,10.8,Nevada
2016-04-12,7.0,Nevada
2016-04-19,3.8,Nevada
2016-04-26,3.6,Nevada
2016-05-03,3.8,Nevada
2016-05-10,0.0,Nevada
2016-05-17,0.0,Nevada
2016-05-24,0.0,Nevada
2016-05-31,0.0,Nevada
2016-06-07,0.0,Nevada
2016-06-14,0.0,Nevada
2016-06-21,0.0,Nevada
2016-06-28,0.0,Nevada
2016-12-06,1.5,Nevada
2016-12-13,3.3,Nevada
2016-12-20,5.0,Nevada
2016-12-27,5.6,Nevada
2017-01-03,5.9,Nevada
2017-01-10,8.7,Nevada
2017-01-17,10.5,Nevada
2017-01-24,12.1,Nevada
2017-01-31,13.2,Nevada
2017-02-07,13.3,Nevada
2017-02-14,14.3,Nevada
2017-02-21,15.1,Nevada
2017-02-28,17.2,Nevada
2017-03-07,17.8,Nevada
2017-03-14,17.6,Nevada
2017-03-21,15.4,Nevada
2017-03-28,16.0,Nevada
2017-04-04,16.7,Nevada
2017-04-11,16.0,Nevada
2017-04-18,12.3,Nevada
2017-04-25,11.0,Nevada
2017-05-02,10.6,Nevada
2017-05-09,1.0,Nevada
2017-05-16,0.0,Nevada
2017-05-23,0.0,Nevada
2017-05-30,0.0,Nevada
2017-06-06,0.0,Nevada
2017-06-13,0.0,Nevada
2017-06-20,0.0,Nevada
2017-06-27,0.0,Nevada
2017-12-05,0.8,Nevada
2017-12-12,0.8,Nevada
2017-12-19,0.9,Nevada
2017-12-26,1.5,Nevada
2018-01-02,1.4,Nevada
2018-01-09,1.8,Nevada
2018-01-16,2.5,Nevada
2018-01-23,2.7,Nevada
2018-01-30,3.1,Nevada
2018-02-06,2.8,Nevada
2018-02-13,2.9,Nevada
2018-02-20,3.6,Nevada
2018-02-27,4.3,Nevada
2018-03-06,4.7,Nevada
2018-03-13,4.7,Nevada
2018-03-20,6.5,Nevada
2018-03-27,8.2,Nevada
2018-04-03,7.1,Nevada
2018-04-10,5.3,Nevada
2018-04-17,2.8,Nevada
2018-04-24,0.0,Nevada
2018-05-01,0.0,Nevada
2018-05-08,0.0,Nevada
2018-05-15,0.0,Nevada
2018-05-22,0.0,Nevada
2018-05-29,0.0,Nevada
2018-06-05,0.0,Nevada
2018-06-12,0.0,Nevada
2018-06-19,0.0,Nevada
2018-06-26,0.0,Nevada
2018-12-04,2.45,Nevada
2018-12-11,2.6,Nevada
2018-12-18,2.8499999999999996,Nevada
2018-12-25,3.7,Nevada
2019-01-01,4.35,Nevada
2019-01-08,4.949999999999999,Nevada
2019-01-15,5.199999999999999,Nevada
2019-01-22,7.7,Nevada
2019-01-29,7.65,Nevada
2019-02-05,10.2,Nevada
2019-02-12,11.75,Nevada
2019-02-19,14.350000000000001,Nevada
2019-02-26,15.15,Nevada
2019-03-05,16.3,Nevada
2019-03-12,18.450000000000003,Nevada
2019-03-19,19.15,Nevada
2019-03-26,20.05,Nevada
2019-04-02,20.55,Nevada
2019-04-09,18.049999999999997,Nevada
2019-04-16,20.0,Nevada
2019-04-23,17.35,Nevada
2019-04-30,10.4,Nevada
2019-05-07,5.25,Nevada
2019-05-14,0.0,Nevada
2019-05-21,1.5,Nevada
2019-05-28,0.45,Nevada
2019-06-04,0.0,Nevada
2019-06-11,0.0,Nevada
2019-06-18,0.0,Nevada
2019-06-25,0.0,Nevada
2019-12-03,2.1500000000000004,Nevada
2019-12-10,3.05,Nevada
2019-12-17,4.25,Nevada
2019-12-24,4.35,Nevada
2019-12-31,5.05,Nevada
2020-01-07,5.75,Nevada
2020-01-14,6.8,Nevada
2020-01-21,7.4,Nevada
2020-01-28,8.35,Nevada
2020-02-04,8.95,Nevada
2020-02-11,9.5,Nevada
2020-02-18,9.649999999999999,Nevada
2020-02-25,9.55,Nevada
2020-03-03,9.65,Nevada
2020-03-10,9.399999999999999,Nevada
2020-03-17,8.85,Nevada
2020-03-24,9.05,Nevada
2020-03-31,10.149999999999999,Nevada
2020-04-07,10.15,Nevada
2020-04-14,8.15,Nevada
2020-04-21,5.15,Nevada
2020-04-28,0.0,Nevada
2020-05-05,0.0,Nevada
2020-05-12,0.0,Nevada
2020-05-19,0.0,Nevada
2020-05-26,0.0,Nevada
2020-06-02,0.0,Nevada
2020-06-09,0.0,Nevada
2020-06-16,0.0,Nevada
2020-06-23,0.0,Nevada
2020-06-30,0.0,Nevada
2020-12-01,1.4,Nevada
2020-12-08,1.4,Nevada
2020-12-15,2.1,Nevada
2020-12-22,2.45,Nevada
2020-12-29,2.9,Nevada
2021-01-05,3.4,Nevada
2021-01-12,3.5,Nevada
2021-01-19,3.6500000000000004,Nevada
2021-01-26,4.050000000000001,Nevada
2021-02-02,5.25,Nevada
2021-02-09,5.35,Nevada
2021-02-16,8.1,Nevada
2021-02-23,9.05,Nevada
2021-03-02,9.2,Nevada
2021-03-09,9.25,Nevada
2021-03-16,9.75,Nevada
2021-03-23,10.75,Nevada
2021-03-30,12.15,Nevada
2021-04-06,8.95,Nevada
2021-04-13,5.5,Nevada
2021-04-20,3.2,Nevada
2021-04-27,1.4,Nevada
2021-05-04,0.0,Nevada
2021-05-11,0.0,Nevada
2021-05-18,0.0,Nevada
2021-05-25,0.0,Nevada
2021-06-01,0.0,Nevada
2021-06-08,0.0,Nevada
2021-06-15,0.0,Nevada
2021-06-22,0.0,Nevada
2021-06-29,0.0,Nevada
2013-01-01,3.9,Arizona
2013-01-08,3.7,Arizona
2013-01-15,3.9,Arizona
2013-01-22,3.9,Arizona
2013-01-29,3.9,Arizona
2013-02-05,3.4,Arizona
2013-02-12,3.8,Arizona
2013-02-19,3.6,Arizona
2013-02-26,4.3,Arizona
2013-03-05,3.5,Arizona
2013-03-12,4.5,Arizona
2013-03-19,0.4,Arizona
2013-03-26,0.0,Arizona
2013-04-02,0.0,Arizona
2013-04-09,0.0,Arizona
2013-04-16,0.0,Arizona
2013-04-23,0.0,Arizona
2013-04-30,0.0,Arizona
2013-05-07,0.0,Arizona
2013-05-14,0.0,Arizona
2013-05-21,0.0,Arizona
2013-05-28,0.0,Arizona
2013-06-04,0.0,Arizona
2013-06-11,0.0,Arizona
2013-06-18,0.0,Arizona
2013-06-25,0.0,Arizona
2013-12-03,0.9,Arizona
2013-12-10,2.3,Arizona
2013-12-17,2.5,Arizona
2013-12-24,2.8,Arizona
2013-12-31,2.8,Arizona
2014-01-07,2.7,Arizona
2014-01-14,2.2,Arizona
2014-01-21,1.5,Arizona
2014-01-28,1.3,Arizona
2014-02-04,1.2,Arizona
2014-02-11,0.5,Arizona
2014-02-18,0.0,Arizona
2014-02-25,0.0,Arizona
2014-03-04,0.0,Arizona
2014-03-11,0.0,Arizona
2014-03-18,0.0,Arizona
2014-03-25,0.0,Arizona
2014-04-01,0.0,Arizona
2014-04-08,0.0,Arizona
2014-04-15,0.0,Arizona
2014-04-22,0.0,Arizona
2014-04-29,0.0,Arizona
2014-05-06,0.0,Arizona
2014-05-13,0.0,Arizona
2014-05-20,0.0,Arizona
2014-05-27,0.0,Arizona
2014-06-03,0.0,Arizona
2014-06-10,0.0,Arizona
2014-06-17,0.0,Arizona
2014-06-24,0.0,Arizona
2014-12-02,0.0,Arizona
2014-12-09,0.0,Arizona
2014-12-16,0.2,Arizona
2014-12-23,0.5,Arizona
2014-12-30,0.6,Arizona
2015-01-06,1.6,Arizona
2015-01-13,1.5,Arizona
2015-01-20,1.8,Arizona
2015-01-27,2.0,Arizona
2015-02-03,0.3,Arizona
2015-02-10,0.0,Arizona
2015-02-17,0.0,Arizona
2015-02-24,1.0,Arizona
2015-03-03,2.7,Arizona
2015-03-10,1.2,Arizona
2015-03-17,0.0,Arizona
2015-03-24,0.0,Arizona
2015-03-31,0.0,Arizona
2015-04-07,0.0,Arizona
2015-04-14,0.0,Arizona
2015-04-21,0.0,Arizona
2015-04-28,0.0,Arizona
2015-05-05,0.0,Arizona
2015-05-12,0.0,Arizona
2015-05-19,0.0,Arizona
2015-05-26,0.0,Arizona
2015-06-02,0.0,Arizona
2015-06-09,0.0,Arizona
2015-06-16,0.0,Arizona
2015-06-23,0.0,Arizona
2015-06-30,0.0,Arizona
2015-12-01,0.0,Arizona
2015-12-08,0.0,Arizona
2015-12-15,1.9,Arizona
2015-12-22,2.0,Arizona
2015-12-29,2.45,Arizona
2016-01-05,2.7,Arizona
2016-01-12,6.050000000000001,Arizona
2016-01-19,5.949999999999999,Arizona
2016-01-26,5.6,Arizona
2016-02-02,6.55,Arizona
2016-02-09,6.3,Arizona
2016-02-16,4.65,Arizona
2016-02-23,1.85,Arizona
2016-03-01,0.0,Arizona
2016-03-08,0.0,Arizona
2016-03-15,0.0,Arizona
2016-03-22,0.0,Arizona
2016-03-29,0.0,Arizona
2016-04-05,0.0,Arizona
2016-04-12,0.0,Arizona
2016-04-19,0.0,Arizona
2016-04-26,0.0,Arizona
2016-05-03,0.0,Arizona
2016-05-10,0.0,Arizona
2016-05-17,0.0,Arizona
2016-05-24,0.0,Arizona
2016-05-31,0.0,Arizona
2016-06-07,0.0,Arizona
2016-06-14,0.0,Arizona
2016-06-21,0.0,Arizona
2016-06-28,0.0,Arizona
2016-12-06,0.8,Arizona
2016-12-13,0.2,Arizona
2016-12-20,0.3,Arizona
2016-12-27,1.6,Arizona
2017-01-03,2.4,Arizona
2017-01-10,2.25,Arizona
2017-01-17,2.5,Arizona
2017-01-24,7.3,Arizona
2017-01-31,7.45,Arizona
2017-02-07,6.9,Arizona
2017-02-14,4.3,Arizona
2017-02-21,3.85,Arizona
2017-02-28,4.4,Arizona
2017-03-07,5.35,Arizona
2017-03-14,1.15,Arizona
2017-03-21,0.0,Arizona
2017-03-28,0.0,Arizona
2017-04-04,0.0,Arizona
2017-04-11,0.0,Arizona
2017-04-18,0.0,Arizona
2017-04-25,0.0,Arizona
2017-05-02,0.0,Arizona
2017-05-09,0.0,Arizona
2017-05-16,0.0,Arizona
2017-05-23,0.0,Arizona
2017-05-30,0.0,Arizona
2017-06-06,0.0,Arizona
2017-06-13,0.0,Arizona
2017-06-20,0.0,Arizona
2017-06-27,0.0,Arizona
2017-12-05,0.0,Arizona
2017-12-12,0.0,Arizona
2017-12-19,0.0,Arizona
2017-12-26,0.0,Arizona
2018-01-02,0.0,Arizona
2018-01-09,0.0,Arizona
2018-01-16,0.0,Arizona
2018-01-23,1.15,Arizona
2018-01-30,1.1,Arizona
2018-02-06,0.0,Arizona
2018-02-13,0.35,Arizona
2018-02-20,0.9,Arizona
2018-02-27,0.8,Arizona
2018-03-06,0.8500000000000001,Arizona
2018-03-13,0.0,Arizona
2018-03-20,0.0,Arizona
2018-03-27,0.0,Arizona
2018-04-03,0.0,Arizona
2018-04-10,0.0,Arizona
2018-04-17,0.0,Arizona
2018-04-24,0.0,Arizona
2018-05-01,0.0,Arizona
2018-05-08,0.0,Arizona
2018-05-15,0.0,Arizona
2018-05-22,0.0,Arizona
2018-05-29,0.0,Arizona
2018-06-05,0.0,Arizona
2018-06-12,0.0,Arizona
2018-06-19,0.0,Arizona
2018-06-26,0.0,Arizona
2018-12-04,1.15,Arizona
2018-12-11,1.2,Arizona
2018-12-18,0.9,Arizona
2018-12-25,0.30000000000000004,Arizona
2019-01-01,1.7,Arizona
2019-01-08,2.55,Arizona
2019-01-15,3.05,Arizona
2019-01-22,3.4,Arizona
2019-01-29,3.0999999999999996,Arizona
2019-02-05,2.4000000000000004,Arizona
2019-02-12,3.45,Arizona
2019-02-19,4.15,Arizona
2019-02-26,7.05,Arizona
2019-03-05,5.8,Arizona
2019-03-12,4.3,Arizona
2019-03-19,4.949999999999999,Arizona
2019-03-26,2.2,Arizona
2019-04-02,0.0,Arizona
2019-04-09,0.0,Arizona
2019-04-16,0.0,Arizona
2019-04-23,0.0,Arizona
2019-04-30,0.0,Arizona
2019-05-07,0.0,Arizona
2019-05-14,0.0,Arizona
2019-05-21,0.0,Arizona
2019-05-28,0.0,Arizona
2019-06-04,0.0,Arizona
2019-06-11,0.0,Arizona
2019-06-18,0.0,Arizona
2019-06-25,0.0,Arizona
2019-12-03,2.9,Arizona
2019-12-10,2.35,Arizona
2019-12-17,1.75,Arizona
2019-12-24,1.9,Arizona
2019-12-31,4.65,Arizona
2020-01-07,4.5,Arizona
2020-01-14,4.6,Arizona
2020-01-21,4.45,Arizona
2020-01-28,4.1,Arizona
2020-02-04,3.95,Arizona
2020-02-11,3.3499999999999996,Arizona
2020-02-18,3.1,Arizona
2020-02-25,1.7999999999999998,Arizona
2020-03-03,0.55,Arizona
2020-03-10,0.0,Arizona
2020-03-17,0.0,Arizona
2020-03-24,1.0,Arizona
2020-03-31,0.0,Arizona
2020-04-07,0.0,Arizona
2020-04-14,0.0,Arizona
2020-04-21,0.0,Arizona
2020-04-28,0.0,Arizona
2020-05-05,0.0,Arizona
2020-05-12,0.0,Arizona
2020-05-19,0.0,Arizona
2020-05-26,0.0,Arizona
2020-06-02,0.0,Arizona
2020-06-09,0.0,Arizona
2020-06-16,0.0,Arizona
2020-06-23,0.0,Arizona
2020-06-30,0.0,Arizona
2020-12-01,0.0,Arizona
2020-12-08,0.0,Arizona
2020-12-15,0.0,Arizona
2020-12-22,0.0,Arizona
2020-12-29,0.0,Arizona
2021-01-05,0.0,Arizona
2021-01-12,0.0,Arizona
2021-01-19,0.0,Arizona
2021-01-26,3.9,Arizona
2021-02-02,4.5,Arizona
2021-02-09,3.1,Arizona
2021-02-16,3.0,Arizona
2021-02-23,2.6,Arizona
2021-03-02,2.25,Arizona
2021-03-09,1.0,Arizona
2021-03-16,2.15,Arizona
2021-03-23,0.3,Arizona
2021-03-30,0.15,Arizona
2021-04-06,0.0,Arizona
2021-04-13,0.0,Arizona
2021-04-20,0.0,Arizona
2021-04-27,0.0,Arizona
2021-05-04,0.0,Arizona
2021-05-11,0.0,Arizona
2021-05-18,0.0,Arizona
2021-05-25,0.0,Arizona
2021-06-01,0.0,Arizona
2021-06-08,0.0,Arizona
2021-06-15,0.0,Arizona
2021-06-22,0.0,Arizona
2021-06-29,0.0,Arizona
2013-01-01,1.65,South Dakota
2013-01-08,2.3499999999999996,South Dakota
2013-01-15,2.6,South Dakota
2013-01-22,3.0999999999999996,South Dakota
2013-01-29,3.2,South Dakota
2013-02-05,3.9,South Dakota
2013-02-12,4.35,South Dakota
2013-02-19,5.1,South Dakota
2013-02-26,5.3,South Dakota
2013-03-05,5.6,South Dakota
2013-03-12,5.800000000000001,South Dakota
2013-03-19,5.9,South Dakota
2013-03-26,6.6,South Dakota
2013-04-02,6.35,South Dakota
2013-04-09,4.3,South Dakota
2013-04-16,5.5,South Dakota
2013-04-23,6.300000000000001,South Dakota
2013-04-30,4.300000000000001,South Dakota
2013-05-07,0.9,South Dakota
2013-05-14,0.0,South Dakota
2013-05-21,0.0,South Dakota
2013-05-28,0.0,South Dakota
2013-06-04,0.0,South Dakota
2013-06-11,0.0,South Dakota
2013-06-18,0.0,South Dakota
2013-06-25,0.0,South Dakota
2013-12-03,2.75,South Dakota
2013-12-10,3.4,South Dakota
2013-12-17,3.6,South Dakota
2013-12-24,3.95,South Dakota
2013-12-31,4.5,South Dakota
2014-01-07,4.85,South Dakota
2014-01-14,5.75,South Dakota
2014-01-21,6.1,South Dakota
2014-01-28,6.25,South Dakota
2014-02-04,6.4,South Dakota
2014-02-11,7.0,South Dakota
2014-02-18,7.5,South Dakota
2014-02-25,7.8,South Dakota
2014-03-04,8.1,South Dakota
2014-03-11,8.2,South Dakota
2014-03-18,9.0,South Dakota
2014-03-25,8.95,South Dakota
2014-04-01,9.15,South Dakota
2014-04-08,9.55,South Dakota
2014-04-15,7.8,South Dakota
2014-04-22,4.949999999999999,South Dakota
2014-04-29,2.5999999999999996,South Dakota
2014-05-06,0.2,South Dakota
2014-05-13,0.0,South Dakota
2014-05-20,0.0,South Dakota
2014-05-27,0.0,South Dakota
2014-06-03,0.0,South Dakota
2014-06-10,0.0,South Dakota
2014-06-17,0.0,South Dakota
2014-06-24,0.0,South Dakota
2014-12-02,1.9,South Dakota
2014-12-09,1.9,South Dakota
2014-12-16,1.8,South Dakota
2014-12-23,2.9000000000000004,South Dakota
2014-12-30,3.2,South Dakota
2015-01-06,4.050000000000001,South Dakota
2015-01-13,4.199999999999999,South Dakota
2015-01-20,4.35,South Dakota
2015-01-27,4.9,South Dakota
2015-02-03,4.7,South Dakota
2015-02-10,4.9,South Dakota
2015-02-17,5.05,South Dakota
2015-02-24,5.2,South Dakota
2015-03-03,5.9,South Dakota
2015-03-10,5.5,South Dakota
2015-03-17,3.9000000000000004,South Dakota
2015-03-24,2.1,South Dakota
2015-03-31,0.65,South Dakota
2015-04-07,0.0,South Dakota
2015-04-14,0.0,South Dakota
2015-04-21,0.0,South Dakota
2015-04-28,0.0,South Dakota
2015-05-05,0.0,South Dakota
2015-05-12,0.25,South Dakota
2015-05-19,0.0,South Dakota
2015-05-26,0.0,South Dakota
2015-06-02,0.0,South Dakota
2015-06-09,0.0,South Dakota
2015-06-16,0.0,South Dakota
2015-06-23,0.0,South Dakota
2015-06-30,0.0,South Dakota
2015-12-01,1.3,South Dakota
2015-12-08,1.65,South Dakota
2015-12-15,1.5499999999999998,South Dakota
2015-12-22,1.95,South Dakota
2015-12-29,2.05,South Dakota
2016-01-05,2.4,South Dakota
2016-01-12,2.45,South Dakota
2016-01-19,3.25,South Dakota
2016-01-26,3.4,South Dakota
2016-02-02,3.5999999999999996,South Dakota
2016-02-09,3.75,South Dakota
2016-02-16,4.6,South Dakota
2016-02-23,4.65,South Dakota
2016-03-01,5.25,South Dakota
2016-03-08,4.949999999999999,South Dakota
2016-03-15,4.0,South Dakota
2016-03-22,3.95,South Dakota
2016-03-29,4.1,South Dakota
2016-04-05,3.15,South Dakota
2016-04-12,0.5,South Dakota
2016-04-19,0.0,South Dakota
2016-04-26,0.0,South Dakota
2016-05-03,0.0,South Dakota
2016-05-10,0.0,South Dakota
2016-05-17,0.0,South Dakota
2016-05-24,0.0,South Dakota
2016-05-31,0.0,South Dakota
2016-06-07,0.0,South Dakota
2016-06-14,0.0,South Dakota
2016-06-21,0.0,South Dakota
2016-06-28,0.0,South Dakota
2016-12-06,2.3499999999999996,South Dakota
2016-12-13,2.3,South Dakota
2016-12-20,2.9,South Dakota
2016-12-27,3.25,South Dakota
2017-01-03,3.25,South Dakota
2017-01-10,3.6500000000000004,South Dakota
2017-01-17,3.7,South Dakota
2017-01-24,3.85,South Dakota
2017-01-31,4.199999999999999,South Dakota
2017-02-07,4.7,South Dakota
2017-02-14,4.5,South Dakota
2017-02-21,4.45,South Dakota
2017-02-28,4.25,South Dakota
2017-03-07,4.6,South Dakota
2017-03-14,5.0,South Dakota
2017-03-21,2.95,South Dakota
2017-03-28,0.85,South Dakota
2017-04-04,0.35,South Dakota
2017-04-11,0.0,South Dakota
2017-04-18,0.0,South Dakota
2017-04-25,0.0,South Dakota
2017-05-02,0.0,South Dakota
2017-05-09,0.0,South Dakota
2017-05-16,0.0,South Dakota
2017-05-23,0.0,South Dakota
2017-05-30,0.0,South Dakota
2017-06-06,0.0,South Dakota
2017-06-13,0.0,South Dakota
2017-06-20,0.0,South Dakota
2017-06-27,0.0,South Dakota
2017-12-05,2.1,South Dakota
2017-12-12,2.5,South Dakota
2017-12-19,2.8,South Dakota
2017-12-26,2.65,South Dakota
2018-01-02,3.15,South Dakota
2018-01-09,3.5,South Dakota
2018-01-16,4.0,South Dakota
2018-01-23,4.45,South Dakota
2018-01-30,4.65,South Dakota
2018-02-06,5.25,South Dakota
2018-02-13,6.0,South Dakota
2018-02-20,6.550000000000001,South Dakota
2018-02-27,6.7,South Dakota
2018-03-06,6.6,South Dakota
2018-03-13,6.65,South Dakota
2018-03-20,7.050000000000001,South Dakota
2018-03-27,7.050000000000001,South Dakota
2018-04-03,7.8,South Dakota
2018-04-10,8.7,South Dakota
2018-04-17,7.300000000000001,South Dakota
2018-04-24,4.800000000000001,South Dakota
2018-05-01,0.5,South Dakota
2018-05-08,0.0,South Dakota
2018-05-15,0.0,South Dakota
2018-05-22,0.0,South Dakota
2018-05-29,0.0,South Dakota
2018-06-05,0.0,South Dakota
2018-06-12,0.0,South Dakota
2018-06-19,0.0,South Dakota
2018-06-26,0.0,South Dakota
2018-12-04,1.9,South Dakota
2018-12-11,1.95,South Dakota
2018-12-18,2.3,South Dakota
2018-12-25,2.1,South Dakota
2019-01-01,2.9000000000000004,South Dakota
2019-01-08,3.3,South Dakota
2019-01-15,3.3,South Dakota
2019-01-22,3.5999999999999996,South Dakota
2019-01-29,4.95,South Dakota
2019-02-05,5.35,South Dakota
2019-02-12,5.6,South Dakota
2019-02-19,6.15,South Dakota
2019-02-26,6.3,South Dakota
2019-03-05,6.4,South Dakota
2019-03-12,6.6,South Dakota
2019-03-19,8.15,South Dakota
2019-03-26,7.25,South Dakota
2019-04-02,6.6,South Dakota
2019-04-09,3.95,South Dakota
2019-04-16,3.8499999999999996,South Dakota
2019-04-23,0.55,South Dakota
2019-04-30,0.0,South Dakota
2019-05-07,0.0,South Dakota
2019-05-14,0.0,South Dakota
2019-05-21,0.0,South Dakota
2019-05-28,0.0,South Dakota
2019-06-04,0.0,South Dakota
2019-06-11,0.0,South Dakota
2019-06-18,0.0,South Dakota
2019-06-25,0.0,South Dakota
2019-12-03,3.3,South Dakota
2019-12-10,3.4,South Dakota
2019-12-17,3.35,South Dakota
2019-12-24,3.35,South Dakota
2019-12-31,3.35,South Dakota
2020-01-07,3.7,South Dakota
2020-01-14,3.85,South Dakota
2020-01-21,3.9,South Dakota
2020-01-28,4.4,South Dakota
2020-02-04,5.15,South Dakota
2020-02-11,5.75,South Dakota
2020-02-18,6.05,South Dakota
2020-02-25,6.5,South Dakota
2020-03-03,7.2,South Dakota
2020-03-10,7.300000000000001,South Dakota
2020-03-17,7.25,South Dakota
2020-03-24,7.15,South Dakota
2020-03-31,7.199999999999999,South Dakota
2020-04-07,6.65,South Dakota
2020-04-14,5.15,South Dakota
2020-04-21,5.6,South Dakota
2020-04-28,1.85,South Dakota
2020-05-05,0.25,South Dakota
2020-05-12,0.0,South Dakota
2020-05-19,0.0,South Dakota
2020-05-26,0.0,South Dakota
2020-06-02,0.0,South Dakota
2020-06-09,0.0,South Dakota
2020-06-16,0.0,South Dakota
2020-06-23,0.0,South Dakota
2020-06-30,0.0,South Dakota
2020-12-01,1.1,South Dakota
2020-12-08,1.0499999999999998,South Dakota
2020-12-15,1.2,South Dakota
2020-12-22,1.4,South Dakota
2020-12-29,2.05,South Dakota
2021-01-05,2.2,South Dakota
2021-01-12,2.4000000000000004,South Dakota
2021-01-19,3.2,South Dakota
2021-01-26,3.25,South Dakota
2021-02-02,3.3,South Dakota
2021-02-09,3.95,South Dakota
2021-02-16,4.25,South Dakota
2021-02-23,4.3,South Dakota
2021-03-02,4.8,South Dakota
2021-03-09,4.550000000000001,South Dakota
2021-03-16,5.25,South Dakota
2021-03-23,4.9,South Dakota
2021-03-30,5.050000000000001,South Dakota
2021-04-06,2.35,South Dakota
2021-04-13,2.5500000000000003,South Dakota
2021-04-20,3.1,South Dakota
2021-04-27,2.25,South Dakota
2021-05-04,0.45,South Dakota
2021-05-11,0.15,South Dakota
2021-05-18,0.0,South Dakota
2021-05-25,0.0,South Dakota
2021-06-01,0.0,South Dakota
2021-06-08,0.0,South Dakota
2021-06-15,0.0,South Dakota
2021-06-22,0.0,South Dakota
2021-06-29,0.0,South Dakota
